매장명,구,주소,위도,경도
스타벅스역삼아레나빌딩,강남구,서울특별시 강남구 언주로 425 (역삼동),37.501087,127.043069
스타벅스논현역사거리,강남구,서울특별시 강남구 강남대로 538 (논현동),37.510178,127.022223
스타벅스신사역성일빌딩,강남구,서울특별시 강남구 강남대로 584 (논현동),37.5139309,127.0206057
스타벅스국기원사거리,강남구,서울특별시 강남구 테헤란로 125 (역삼동),37.499517,127.031495
스타벅스대치재경빌딩,강남구,서울특별시 강남구 남부순환로 2947 (대치동),37.494668,127.062583
스타벅스봉은사역,강남구,서울특별시 강남구 봉은사로 619 (삼성동),37.515,127.063196
스타벅스압구정윤성빌딩,강남구,서울특별시 강남구 논현로 834 (신사동),37.5227934,127.0286009
스타벅스코엑스별마당,강남구,서울특별시 강남구 영동대로 513 (삼성동),37.51015,127.060275
스타벅스삼성역섬유센터R,강남구,서울특별시 강남구 테헤란로 518 (대치동),37.50775,127.060651
스타벅스압구정R,강남구,서울특별시 강남구 언주로 861 (신사동),37.5273669,127.033061
스타벅스수서역R,강남구,서울특별시 강남구 광평로 281 (수서동),37.488008,127.10265
스타벅스양재강남빌딩R,강남구,서울특별시 강남구 남부순환로 2621 (도곡동),37.485192,127.036685
스타벅스선릉동신빌딩R,강남구,서울특별시 강남구 테헤란로 409 (삼성동),37.505321,127.050409
스타벅스봉은사로선정릉,강남구,서울특별시 강남구 봉은사로 446 (삼성동),37.51131683405367,127.04846338902249
스타벅스강남오거리,강남구,서울특별시 강남구 봉은사로2길 39 (역삼동),37.502117,127.026672
스타벅스스타필드코엑스몰R,강남구,서울특별시 강남구 영동대로 513 (삼성동) 코엑스 A106호,37.50999,127.061455
스타벅스강남구청정문,강남구,서울특별시 강남구 학동로 419 (청담동),37.518181,127.045995
스타벅스도곡공원,강남구,서울특별시 강남구 도곡로 205 (역삼동),37.492805,127.041309
스타벅스강남R,강남구,서울특별시 강남구 강남대로 390 (역삼동),37.497711,127.028439
스타벅스대치은마사거리,강남구,서울특별시 강남구 도곡로 457 (대치동),37.498973,127.060172
스타벅스청담영동대로,강남구,서울특별시 강남구 영동대로 720 (청담동),37.522156,127.056449
스타벅스압구정,강남구,서울특별시 강남구 압구정로30길 17 (신사동),37.526283,127.02956
스타벅스신사가로수,강남구,서울특별시 강남구 가로수길 59 ,37.521933,127.022521
스타벅스청담스타R,강남구,서울특별시 강남구 도산대로57길 24 (청담동),37.525216,127.041827
스타벅스강남우성,강남구,서울특별시 강남구 강남대로 328 (역삼동),37.492396,127.03091
스타벅스학동사거리,강남구,서울특별시 강남구 도산대로 328 (논현동),37.52236449999999,127.03795430000002
스타벅스대치사거리,강남구,서울특별시 강남구 삼성로 402 (대치동),37.503331,127.058817
스타벅스포스코사거리,강남구,서울특별시 강남구 테헤란로 505 (삼성동) 화진빌딩,37.5075307,127.05742710000004
스타벅스을지병원사거리,강남구,"서울특별시 강남구 논현로 752 (논현동,구산빌딩)",37.5191632,127.0286446
스타벅스신사역,강남구,서울특별시 강남구 도산대로 108 (논현동) 렉스타워,37.5162021,127.0207428
스타벅스도곡역,강남구,서울특별시 강남구 남부순환로 2909 (대치동),37.492167,127.057398
스타벅스서울세관사거리,강남구,서울특별시 강남구 언주로 650 (논현동) 한국건설기술인협회,37.514887,127.035653
스타벅스청담사거리,강남구,서울특별시 강남구 도산대로 458 (청담동) 리츠타워,37.5236351,127.0468651
스타벅스한티역,강남구,"서울특별시 강남구 도곡로 408, 디마크빌딩 101호 (대치동)",37.496801,127.055055
스타벅스역삼초교사거리,강남구,서울특별시 강남구 역삼로 123 (역삼동),37.4941059,127.03299730000003
스타벅스코엑스몰,강남구,서울특별시 강남구 영동대로 513 (삼성동) O103호,37.513715,127.059245
스타벅스가로수길,강남구,"서울특별시 강남구 논현로175길 94, 1~2층 (신사동)",37.5231593,127.02162499999996
스타벅스역삼대로,강남구,"서울특별시 강남구 테헤란로 211, 한국고등교육재단빌딩 1층 (역삼동)",37.501623,127.039375
스타벅스역삼포스코,강남구,"서울특별시 강남구 테헤란로 134, P&S TOWER (역삼동)",37.499721,127.033582
스타벅스강남대로,강남구,"서울특별시 강남구 강남대로 456, 한석타워 2층 1-2호 (역삼동)",37.50314,127.025546
스타벅스청담,강남구,"서울특별시 강남구 도산대로 532, 인희빌딩 1층 (청담동)",37.5243631,127.05155990000004
스타벅스삼성도심공항,강남구,서울특별시 강남구 테헤란로87길 33 (삼성동),37.5097863,127.05791339999996
스타벅스삼성교,강남구,"서울특별시 강남구 영동대로86길 12, 동남유화빌딩 1층",37.507794,127.06517
스타벅스학동역,강남구,서울특별시 강남구 논현로 704 (논현동),37.51464884,127.0307302
스타벅스대치,강남구,서울특별시 강남구 도곡로 511 (대치동),37.49966175,127.0622171
스타벅스신세계푸드마켓도곡,강남구,"서울특별시 강남구 언주로30길 57, 타워팰리스Ⅱ F 지하1층 (도곡동)",37.490298,127.054895
스타벅스삼성,강남구,"서울특별시 강남구 테헤란로 443, 애플트리타워 1층 (삼성동)",37.50689645929321,127.0557187245366
스타벅스선릉세화빌딩,강남구,서울특별시 강남구 테헤란로64길 18 (대치동) 1층,37.50377562,127.051196
스타벅스압구정역,강남구,"서울특별시 강남구 압구정로 170, 관영빌딩 1층 지하1층 (신사동)",37.52674095,127.0281105
스타벅스압구정로,강남구,서울특별시 강남구 압구정로42길 32 (신사동),37.52680046,127.0347174
스타벅스구역삼사거리,강남구,서울특별시 강남구 논현로 401 (역삼동),37.49592355,127.0388645
스타벅스큰길타워,강남구,"서울특별시 강남구 테헤란로 223, 큰길타워빌딩 (역삼동)",37.50236693,127.0407
스타벅스강남구청역,강남구,"서울특별시 강남구 선릉로 669, 웰빙센터 1층 (논현동)",37.5165849,127.04124330000002
스타벅스대치역,강남구,서울특별시 강남구 남부순환로 2936 (대치동) 107호,37.493554,127.061874
스타벅스포이,강남구,서울특별시 강남구 논현로 88 (개포동),37.47781106,127.0451411
스타벅스아크플레이스,강남구,서울특별시 강남구 테헤란로 142 (역삼동),37.49971982,127.0349084
스타벅스학여울역,강남구,서울특별시 강남구 영동대로 215 (대치동),37.49803646,127.0684943
스타벅스선정릉역,강남구,서울특별시 강남구 봉은사로 407 (삼성동) 에프오빌딩,37.51075489999999,127.04455970000004
스타벅스삼성현대힐,강남구,서울특별시 강남구 삼성로 605 (삼성동),37.51350444312708,127.05273753314826
스타벅스GS타워,강남구,서울특별시 강남구 논현로 508 (역삼동),37.5018592,127.03727759999992
스타벅스압구정미소,강남구,서울특별시 강남구 논현로 841 (신사동),37.523912710310015,127.02807214378778
스타벅스선릉역,강남구,"서울특별시 강남구 테헤란로 334, LG화재 빌딩 (역삼동)",37.50393894,127.0485135
스타벅스코엑스사거리,강남구,서울특별시 강남구 영동대로 616 (삼성동),37.515351,127.060109
스타벅스역삼럭키,강남구,서울특별시 강남구 도곡로 183 (역삼동),37.492209,127.039389
스타벅스신압구정,강남구,서울특별시 강남구 언주로174길 29 (신사동),37.528115,127.036441
스타벅스아크로힐스논현,강남구,"서울특별시 강남구 봉은사로 304, 금강빌딩 1-2층 (역삼동)",37.509013311862645,127.0403523996554
스타벅스강남비젼타워,강남구,"서울특별시 강남구 테헤란로2길 27, 1층 101호 (역삼동)",37.4964557,127.02968850000002
스타벅스압구정로데오역,강남구,"서울특별시 강남구 선릉로 836, 삼원빌딩 1,2층 (청담동)",37.526549,127.040437
스타벅스르네상스사거리,강남구,서울특별시 강남구 테헤란로 306 (역삼동),37.502721,127.044308
스타벅스포스코,강남구,"서울특별시 강남구 삼성로86길 7, 1층 (대치동)",37.50576457783876,127.05804488086115
스타벅스선릉로,강남구,"서울특별시 강남구 선릉로93길 22, 대흥빌딩 1층 (역삼동)",37.50498118534617,127.0468080752464
스타벅스논현힐탑,강남구,서울특별시 강남구 논현로 648 (논현동),37.51159269029387,127.03219311069766
스타벅스도산가로수길,강남구,"서울특별시 강남구 도산대로 134, 2층 (논현동)",37.51736229999999,127.02329570000006
스타벅스매봉역,강남구,서울특별시 강남구 남부순환로 2736 (도곡동),37.4859095,127.0452879
스타벅스대치한티,강남구,서울특별시 강남구 선릉로 324 (대치동),37.4984818,127.052066
스타벅스개포동,강남구,서울특별시 강남구 선릉로 34 (개포동),37.4828551359882,127.0607152444621
스타벅스수서역사거리,강남구,서울특별시 강남구 광평로 280 (수서동),37.4873267937748,127.103140081887
스타벅스코엑스아셈타워,강남구,서울특별시 강남구 영동대로 517 (삼성동),37.513019,127.059838
스타벅스센터필드R,강남구,서울특별시 강남구 테헤란로 231 (역삼동),37.50369465391196,127.04172081609173
스타벅스도산사거리,강남구,서울특별시 강남구 언주로 727 (논현동),37.51966,127.0341
스타벅스강남세곡,강남구,서울특별시 강남구 헌릉로569길 18 (세곡동),37.467274319644,127.099929726
스타벅스대치삼성,강남구,서울특별시 강남구 영동대로 237 (대치동),37.500313,127.066961
스타벅스언주역,강남구,서울특별시 강남구 봉은사로 222 (역삼동),37.50777565616907,127.0365882862214
스타벅스강남역신분당역사,강남구,서울특별시 강남구 강남대로 396 (역삼동),37.4970572543978,127.028180714381
스타벅스삼성역,강남구,서울특별시 강남구 테헤란로 620 (대치동),37.509206962541256,127.06560851480327
스타벅스테헤란로아남타워,강남구,서울특별시 강남구 테헤란로 311 (역삼동),37.50383,127.04487
스타벅스강남논현,강남구,서울특별시 강남구 강남대로 512 (논현동),37.5078978596254,127.023338614644
스타벅스삼성동,강남구,서울특별시 강남구 영동대로96길 12 (삼성동),37.510843366121534,127.06363342044264
스타벅스청담역,강남구,서울특별시 강남구 삼성로 709 (청담동),37.5194407323478,127.049552661542
스타벅스압구정현대아파트,강남구,서울특별시 강남구 논현로175길 38 (신사동),37.52521971236768,127.0256601858147
스타벅스강남청담빌딩,강남구,서울특별시 강남구 선릉로 704 (청담동),37.517887,127.041375
스타벅스역삼이마트,강남구,서울특별시 강남구 역삼로 310 (역삼동),37.499367,127.048425
스타벅스케이스퀘어강남,강남구,서울특별시 강남구 강남대로94길 10 (역삼동),37.4991914625768,127.028204360257
스타벅스강남세곡DT,강남구,서울특별시 강남구 헌릉로 727 (세곡동),37.466993809277,127.118330806807
스타벅스미아뉴타운,강북구,서울특별시 강북구 삼양로 161 (미아동),37.618319,127.021072
스타벅스강북구청사거리,강북구,서울특별시 강북구 도봉로 365 (수유동),37.639987861152015,127.0274331199793
스타벅스미아사거리역,강북구,서울특별시 강북구 도봉로 32 (미아동),37.611809,127.0306971
스타벅스수유역,강북구,서울특별시 강북구 도봉로 342 (번동),37.6380167,127.02613500000008
스타벅스미아역,강북구,서울특별시 강북구 도봉로 196 (미아동),37.626148,127.026578
스타벅스수유역5번출구,강북구,"서울특별시 강북구 도봉로 315 (수유동, 에피소드 수유 838)",37.636722675028174,127.02332208832507
스타벅스파라스파라서울,강북구,서울특별시 강북구 삼양로 689 (우이동) 파라스파라서울 지하1층,37.66419549576315,127.01040728594248
스타벅스발산역사거리,강서구,서울특별시 강서구 공항대로 248 (마곡동),37.558509,126.835096
스타벅스마곡역,강서구,서울특별시 강서구 공항대로 168 (마곡동),37.559611,126.826298
스타벅스우장산역,강서구,서울특별시 강서구 강서로 267 (내발산동),37.549510038804,126.8360616480306
스타벅스마곡사이언스타워R,강서구,서울특별시 강서구 마곡동로 62 (마곡동),37.5605261,126.833887
스타벅스방화DT,강서구,서울특별시 강서구 방화대로 375 (방화동),37.574456834773024,126.8164881237982
스타벅스마곡나루역,강서구,서울특별시 강서구 마곡중앙로 161-17 (마곡동),37.56813,126.82614
스타벅스마곡GMG,강서구,"서울특별시 강서구 마곡중앙6로 16 (마곡동) 117,118,119,120호",37.560487,126.829667
스타벅스가양역,강서구,서울특별시 강서구 양천로 476 (등촌동),37.56164,126.853327
스타벅스화곡DT,강서구,서울특별시 강서구 등촌로 57 (화곡동),37.5350107501795,126.86318804786
스타벅스양천향교역,강서구,서울특별시 강서구 강서로 463 (마곡동),37.566964,126.840731
스타벅스화곡동,강서구,서울특별시 강서구 화곡로 142(화곡동),37.54061901972644,126.83738800870792
스타벅스등촌,강서구,서울특별시 강서구 공항대로 329 (등촌동),37.5582043,126.84433919999992
스타벅스염창역,강서구,서울특별시 강서구 공항대로 627 (염창동),37.547359,126.874436
스타벅스발산역,강서구,서울특별시 강서구 강서로 388 (등촌동) 그랜드마트,37.560301448004914,126.83913349547196
스타벅스까치산역,강서구,서울특별시 강서구 강서로13길 3 (화곡동),37.5323235082489,126.84612332664445
스타벅스염창대로,강서구,"서울특별시 강서구 양천로 744 (염창동), 101호",37.5485479128966,126.878259347206
스타벅스발산역5번출구,강서구,"서울특별시 강서구 강서로52길 43 (내발산동, DH647), 1층 일부",37.5579224739977,126.84054030692
스타벅스화곡역8번출구,강서구,"서울특별시 강서구 강서로 179 (화곡동), 1층 일부",37.54227920628,126.839299954553
스타벅스강서우장산,강서구,"서울특별시 강서구 강서로 231 (화곡동, 우장산역 해링턴 타워), 116/117/118/119/120호",37.54661114997271,126.83611326062484
스타벅스등촌대로,강서구,"서울특별시 강서구 공항대로 543 (염창동, 센터스퀘어)",37.5504921817371,126.8665095756118
스타벅스가양역사거리,강서구,"서울특별시 강서구 화곡로 416 (등촌동) 가양더스카이벨리5차 지식산업센터 101, 102, 114,~117호",37.56007,126.855372
스타벅스내발산,강서구,"서울특별시 강서구 강서로 323 (내발산동), 101/102호",37.55467,126.83672
스타벅스마곡웰튼,강서구,"서울특별시 강서구 마곡중앙5로 22 (마곡동), 104/105/106호",37.5671428910102,126.825315150636
스타벅스김포공항DT,강서구,서울특별시 강서구 개화동로 517 (방화동),37.56627942080141,126.8060664470359
스타벅스강서NC,강서구,서울특별시 강서구 강서로56길 17 (등촌동),37.560088,126.840534
스타벅스마곡나루공원,강서구,서울특별시 강서구 마곡중앙5로 47 (마곡동),37.567007,126.822246
스타벅스송정역,강서구,"서울특별시 강서구 공항대로 38 (공항동), 1층 일부",37.56105570786667,126.81150987871888
스타벅스강서구청사거리,강서구,서울특별시 강서구 화곡로 350 (화곡동),37.5549266,126.8523133
스타벅스낙성대역,관악구,서울특별시 관악구 남부순환로 1908 (봉천동),37.47776012993906,126.96114261955483
스타벅스관악서울대입구R,관악구,서울특별시 관악구 관악로 158 (봉천동),37.47932480888598,126.95270199623683
스타벅스신림DT,관악구,서울특별시 관악구 남부순환로 1419 (신림동),37.480935,126.908407
스타벅스서울대역,관악구,서울특별시 관악구 남부순환로 1817 (봉천동),37.48166265091104,126.9520164977362
스타벅스낙성대DT,관악구,서울특별시 관악구 남부순환로 1948 (봉천동),37.476243169019526,126.96511724631266
스타벅스사당,관악구,서울특별시 관악구 남부순환로 2082-25,37.476137,126.980928
스타벅스보라매대교,관악구,서울특별시 관악구 보라매로3길 23 (봉천동) 1층,37.491449,126.925432
스타벅스신림,관악구,서울특별시 관악구 신림로 355-1 (신림동),37.48609493,126.9291602
스타벅스신림타임스트림,관악구,서울특별시 관악구 신림로 330 타임스트림 1층,37.48407101920536,126.93025831103375
스타벅스서울대입구역,관악구,서울특별시 관악구 남부순환로 1812 (봉천동),37.481207389699065,126.95140060487287
스타벅스서울대입구역8번출구,관악구,서울특별시 관악구 남부순환로 1831 (봉천동),37.4812061,126.9536942
스타벅스봉천역,관악구,서울특별시 관악구 남부순환로 1730 (봉천동),37.4820375340064,126.942287792538
스타벅스봉천현대시장,관악구,"서울특별시 관악구 은천로 118 (봉천동), 1층 일부",37.48665266827689,126.94829614696478
스타벅스건국대,광진구,서울특별시 광진구 능동로 117 (화양동),37.5415592,127.0711244
스타벅스어린이대공원역,광진구,서울특별시 광진구 능동로 243 (군자동),37.551946,127.076404
스타벅스아차산역,광진구,서울특별시 광진구 천호대로 676 (구의동),37.55062116262961,127.09003207951665
스타벅스올림픽대교북단,광진구,서울특별시 광진구 광나루로 608 (구의동),37.541129,127.09524
스타벅스구의DT,광진구,서울특별시 광진구 광나루로 519 (구의동),37.54529838924125,127.0871967283424
스타벅스자양사거리,광진구,서울특별시 광진구 아차산로 355,37.5371158,127.0825821
스타벅스군자역,광진구,서울특별시 광진구 천호대로 548 (군자동) 중앙빌딩,37.557026068940765,127.07910984029934
스타벅스광나루,광진구,"서울특별시 광진구 아차산로 607, 1,2층 (광장동)",37.5473711178786,127.106048727555
스타벅스건대스타시티,광진구,서울특별시 광진구 아차산로 262 (자양동),37.538544,127.073009
스타벅스건대입구,광진구,서울특별시 광진구 능동로 107 (화양동),37.5406604,127.0707225
스타벅스구의역,광진구,서울특별시 광진구 아차산로 373 (구의동),37.53698,127.084015
스타벅스광장,광진구,서울특별시 광진구 아차산로 537-17 (광장동),37.54261257747251,127.09964053100875
스타벅스건국클래식,광진구,서울특별시 광진구 능동로 90 (자양동) 더 클래식500,37.538466,127.071271
스타벅스건대후문,광진구,서울특별시 광진구 능동로 172 (화양동),37.54603056145237,127.07381934747976
스타벅스중곡역,광진구,"서울특별시 광진구 능동로 400 (중곡동) 1층 108,109,110,111,112,118 6개호실",37.56505700511581,127.08445231025853
스타벅스자양이마트,광진구,서울특별시 광진구 아차산로 272 (자양동) 지하1층,37.537817,127.072597
스타벅스자양역,광진구,"서울특별시 광진구 능동로 18 (자양동, 이튼타워리버3차)",37.532684640479,127.067878503557
스타벅스화양삼거리,광진구,서울특별시 광진구 광나루로 374 (화양동),37.54774853077512,127.07126924540049
스타벅스군자사거리,광진구,서울특별시 광진구 천호대로 549 (중곡동) 1층,37.55769507399991,127.079087912222
스타벅스금천구청역,금천구,"서울특별시 금천구 시흥대로73길 67 (시흥동), 엠메디컬타워 1층",37.45588672536701,126.89568245942294
스타벅스가산에스케이,금천구,"서울특별시 금천구 가산디지털1로 171 (가산동), SK V1센터 1층",37.48082408602027,126.88100079322535
스타벅스독산사거리,금천구,서울특별시 금천구 시흥대로 426 (독산동),37.47158263368701,126.8986055180454
스타벅스금천시흥,금천구,서울특별시 금천구 시흥대로 164 (시흥동),37.44875938266414,126.9032387598192
스타벅스가산디지털단지역,금천구,"서울특별시 금천구 벚꽃로 298 (가산동), 대륭포스트타워 6차 1층",37.48135375445197,126.88358906045958
스타벅스금천독산,금천구,서울특별시 금천구 두산로 70 (독산동),37.46957081,126.89565779
스타벅스가산디지털,금천구,"서울특별시 금천구 가산디지털1로 168 (가산동), 우림라이온스밸리 B동 1층",37.479970085901,126.882507193785
스타벅스마리오아울렛,금천구,서울특별시 금천구 벚꽃로 266 마리오아울렛3관,37.47860691180926,126.88484825777417
스타벅스가산브이타워,금천구,"서울특별시 금천구 가산디지털1로 128 (가산동), V-TOWER 1층",37.47700409645337,126.88355058577784
스타벅스가산그레이트,금천구,"서울특별시 금천구 디지털로9길 32, 갑을그레이트밸리 1층 (가산동)",37.47955080325422,126.88727191931528
스타벅스독산역,금천구,"서울특별시 금천구 가산디지털1로 16 (가산동), 107-2, 1층",37.46770966619833,126.88767404102676
스타벅스가산퍼블릭,금천구,"서울특별시 금천구 디지털로 178 (가산동), B동 F Park 1층",37.47574363470601,126.88684803652212
스타벅스가산현대아울렛,금천구,"서울특별시 금천구 디지털로10길 9 (가산동), 1층 일부",37.477680443,126.888840553
스타벅스가산케이에스,금천구,"서울특별시 금천구 벚꽃로36길 30 (가산동), 가산KS타워 1층",37.48089352069766,126.88515566597012
스타벅스가산어반워크,금천구,서울특별시 금천구 가산디지털2로 135 (가산동),37.4800231711237,126.878250987906
스타벅스월계역,노원구,"서울특별시 노원구 초안산로2라길26 월계동(104,105,106호)",37.6295,127.0574
스타벅스월계트레이더스,노원구,서울특별시 노원구 마들로3길 15 (월계동),37.62800550518018,127.06135422465172
스타벅스상계초교사거리,노원구,서울특별시 노원구 노원로 449 (상계동),37.656776,127.066442
스타벅스공릉DT,노원구,서울특별시 노원구 동일로 1015 (공릉동),37.6206884,127.0743116
스타벅스노원마들역,노원구,"서울특별시 노원구 노원로 569 (상계동, 임광아파트)",37.66102597066783,127.05807772069322
스타벅스공릉역,노원구,서울특별시 노원구 동일로 1081 (공릉동),37.626337,127.072252
스타벅스은행사거리,노원구,"서울특별시 노원구 중계로 217, 중흥빌딩 103,203호 (중계동)",37.65048737,127.0759861
스타벅스노원KT,노원구,"서울특별시 노원구 노해로 502, (주)KT 노원사옥 (상계동)",37.654562,127.063617
스타벅스광운대,노원구,서울특별시 노원구 석계로 104 (월계동),37.6231479,127.06070090000004
스타벅스중계역,노원구,"서울특별시 노원구 동일로 1339, 대한빌딩 (상계동)",37.64817,127.062244
스타벅스노원역,노원구,서울특별시 노원구 동일로 1413 (상계동) 1층,37.654751,127.060034
스타벅스월계이마트,노원구,서울특별시 노원구 마들로3길 15 (월계동),37.62710413988373,127.06207848790164
스타벅스태릉입구역DT,노원구,서울특별시 노원구 화랑로 469 (공릉동),37.61942,127.07932
스타벅스노원상계,노원구,서울특별시 노원구 동일로215길 2 (상계동),37.651535,127.061026
스타벅스노원구청,노원구,서울특별시 노원구 노해로 447 (상계동),37.6539896,127.057755
스타벅스창동이마트,도봉구,서울특별시 도봉구 노해로65길 4 (창동),37.65165849143551,127.04686598939148
스타벅스쌍문역,도봉구,서울특별시 도봉구 도봉로 480 (창동),37.648456,127.034783
스타벅스도봉구청,도봉구,서울특별시 도봉구 마들로 665 (도봉동),37.6695034764443,127.04603799266
스타벅스쌍문도봉로,도봉구,서울특별시 도봉구 도봉로 444 (창동),37.6453516,127.0331011
스타벅스도봉로DT,도봉구,서울특별시 도봉구 도봉로 635 (쌍문동),37.6611805929041,127.041630065957
스타벅스방학역,도봉구,"서울특별시 도봉구 도봉로 684 (방학동)101,102,113,114,115호",37.6653125,127.0433125
스타벅스창동역,도봉구,서울특별시 도봉구 마들로13길 61 (창동),37.6545021055909,127.049672533607
스타벅스노량진동,동작구,"서울특별시 동작구 노량진로 190 (노량진동, 고려교육타워-어바니엘한강) 101호~105호",37.513068,126.946537
스타벅스남성역,동작구,서울특별시 동작구 사당로 219 (사당동),37.4841198,126.9725739
스타벅스상도역,동작구,서울특별시 동작구 상도로37길 1 (상도1동),37.5031936,126.9484581
스타벅스보라매공원R,동작구,"서울특별시 동작구 보라매로5길 35 (신대방동, 파크스퀘어,보라매현대APT)",37.49191014040362,126.9235483601228
스타벅스이수자이,동작구,서울특별시 동작구 사당로 300 (사당동 이수자이),37.484414,126.980047
스타벅스노량진역,동작구,서울특별시 동작구 노량진로 134 (노량진동),37.51339,126.940879
스타벅스신대방삼거리역,동작구,서울특별시 동작구 상도로 102 (상도동),37.50034872148687,126.93198758957686
스타벅스중앙대,동작구,서울특별시 동작구 흑석로 75-1 (흑석동),37.506933,126.958125
스타벅스숭실대입구역,동작구,서울특별시 동작구 상도로 354 (상도동),37.4968346,126.95271230000004
스타벅스숭실대,동작구,서울특별시 동작구 사당로 4 (상도동),37.49538073,126.9548891
스타벅스사당역,동작구,"서울특별시 동작구 동작대로 21, 양지빌딩 1-3층 (사당동)",37.47849216,126.9813456
스타벅스서강대프라자,마포구,서울특별시 마포구 백범로 35 (신수동),37.551073,126.943096
스타벅스상암YTN,마포구,서울특별시 마포구 상암산로 76 (상암동),37.57931426554629,126.89221044590168
스타벅스마포용강동,마포구,서울특별시 마포구 토정로 295 (용강동),37.541186,126.942209
스타벅스홍대입구역사거리R,마포구,서울특별시 마포구 양화로 125 (서교동),37.554636,126.92036
스타벅스마포경찰서후문,마포구,서울특별시 마포구 마포대로 173-14 (아현동),37.5508,126.953432
스타벅스공덕,마포구,서울특별시 마포구 마포대로 130 (공덕동),37.545913,126.952956
스타벅스합정폴리스R,마포구,"서울특별시 마포구 양화로 45 (서교동, 메세나폴리스)",37.5509,126.9134
스타벅스홍대공항철도역,마포구,서울특별시 마포구 양화로 178 (동교동),37.557491,126.925146
스타벅스마포염리,마포구,서울특별시 마포구 독막로 311 (염리동),37.543876,126.94768
스타벅스서강광흥창역,마포구,서울특별시 마포구 서강로 69 (창전동),37.549377,126.931661
스타벅스합정,마포구,"서울특별시 마포구 월드컵로1길 14 (합정동) 마포한강푸르지오 110, 111, 112-2",37.54997888236882,126.91254036891404
스타벅스서강대흥역,마포구,서울특별시 마포구 백범로 89-5 (대흥동),37.548178,126.941576
스타벅스서교동사거리,마포구,서울특별시 마포구 양화로 105 (서교동),37.553376,126.918564
스타벅스상암사보이시티,마포구,서울특별시 마포구 월드컵북로54길 17 (상암동),37.581462210224295,126.88878549621796
스타벅스신촌오거리,마포구,서울특별시 마포구 신촌로16길 10 (노고산동),37.555137,126.934694
스타벅스상암디지털큐브,마포구,서울특별시 마포구 상암산로 34,37.57613521806125,126.88892643460336
스타벅스상수역,마포구,서울특별시 마포구 독막로 88 (상수동),37.5474817,126.92321579999998
스타벅스공덕오거리,마포구,서울특별시 마포구 마포대로 86 (도화동) 창강빌딩,37.5424641,126.95057730000008
스타벅스서강대,마포구,서울특별시 마포구 백범로 23 (신수동),37.5524584,126.9378262
스타벅스상암MBC,마포구,서울특별시 마포구 성암로 267 (상암동),37.58094223885055,126.89158543354138
스타벅스홍대역,마포구,"서울특별시 마포구 양화로 165, 상진빌딩 1층 (동교동)",37.557175,126.923654
스타벅스동교,마포구,"서울특별시 마포구 월드컵북로 22, 영준빌딩 1층 (동교동)",37.556928,126.919819
스타벅스애오개역,마포구,"서울특별시 마포구 마포대로 201, 마포트라팰리스II (아현동)",37.5523207784261,126.955694482104
스타벅스상암DMC,마포구,"서울특별시 마포구 월드컵북로 375, DMC이안오피스텔1단지 102호,202호 (상암동)",37.57770031657981,126.8909363638002
스타벅스마포일진빌딩,마포구,"서울특별시 마포구 마포대로 45, 일진빌딩 1층 (도화동)",37.54043451,126.9463168
스타벅스마포아크로,마포구,서울특별시 마포구 마포대로 68 (도화동) 마포아크로타워,37.5413348427548,126.948866602054
스타벅스홍대삼거리,마포구,서울특별시 마포구 와우산로 64 (상수동),37.55024764,126.9232823
스타벅스망원역,마포구,서울특별시 마포구 월드컵로 74 (서교동),37.555829,126.910637
스타벅스마포이마트,마포구,서울특별시 마포구 백범로 212 (신공덕동) 마포이마트,37.542421,126.953341
스타벅스합정메세나몰,마포구,"서울특별시 마포구 양화로 45 (서교동, 메세나폴리스)",37.55005846963587,126.91355876250871
스타벅스아현역대로,마포구,서울특별시 마포구 신촌로 262 (아현동),37.557097,126.954834
스타벅스디지털미디어시티역,마포구,서울특별시 마포구 성암로 179 (상암동),37.57614872684475,126.89894785452836
스타벅스홍대역8번출구,마포구,서울특별시 마포구 양화로 166 (동교동),37.556743503599,126.924166543608
스타벅스합정푸르지오,마포구,"서울특별시 마포구 월드컵로3길 14 (합정동, 마포 한강 2차 푸르지오)",37.55094290761422,126.9124826592047
스타벅스홍대동교,마포구,서울특별시 마포구 양화로 192 (동교동),37.5583280533329,126.926246501876
스타벅스망원한강공원,마포구,서울특별시 마포구 마포나루길 435 (망원동),37.55397484916793,126.89592784171349
스타벅스마포구청역,마포구,서울특별시 마포구 월드컵로 200 (성산동) 1층 일부,37.5649569864623,126.902554646241
스타벅스가재울뉴타운,서대문구,"서울특별시 서대문구 가재울미래로 2 (남가좌동, DMC파크뷰자이2단지별동상가1층)",37.57507214454173,126.91635993282009
스타벅스남가좌사거리,서대문구,"서울특별시 서대문구 거북골로 84 (남가좌동, DMC에코자이104동)",37.577386,126.920815
스타벅스신촌역,서대문구,서울특별시 서대문구 신촌로 73 (창천동),37.55625738,126.934653
스타벅스연희동,서대문구,서울특별시 서대문구 연희로 97 (연희동),37.566702,126.930475
스타벅스아현역,서대문구,"서울특별시 서대문구 신촌로35길 10 (북아현동, e편한세상신촌 4단지)",37.558421,126.956349
스타벅스홍제역,서대문구,서울특별시 서대문구 통일로 451 (홍제동),37.588658,126.943864
스타벅스연세백양로,서대문구,서울특별시 서대문구 연세로 50 (신촌동) 연세대학교,37.562874457,126.937440049
스타벅스연희DT,서대문구,서울특별시 서대문구 연희로 144 (연희동),37.5702143,126.9339777
스타벅스경기대,서대문구,서울특별시 서대문구 충정로 53 (충정로2가),37.56367995,126.9646045
스타벅스신촌,서대문구,서울특별시 서대문구 연세로 10-1 (창천동),37.55648577,126.9371155
스타벅스이대,서대문구,서울특별시 서대문구 이화여대길 34 (대현동),37.55848315,126.9459643
스타벅스연세종합관,서대문구,"서울특별시 서대문구 연세로 50, 연세세브란스 종합관 (신촌동)",37.561468543,126.941119654
스타벅스이대ECC,서대문구,서울특별시 서대문구 이화여대길 52 (대현동) 이화여자대학교 B415호,37.561631,126.94735
스타벅스연대,서대문구,서울특별시 서대문구 연세로 35 (창천동),37.558706,126.936727
스타벅스충정로역,서대문구,서울특별시 서대문구 충정로 23,37.56137,126.963219
스타벅스연대동문,서대문구,서울특별시 서대문구 성산로 565 (대신동),37.56648507,126.9463253
스타벅스신촌명물거리,서대문구,"서울특별시 서대문구 명물길 24, 1-5층 (창천동)",37.557768434,126.938154503
스타벅스충정타워,서대문구,"서울특별시 서대문구 서소문로 21, 충정타워빌딩 1층 (충정로3가)",37.559869,126.96411
스타벅스이대역,서대문구,서울특별시 서대문구 신촌로 183 (대현동),37.5570584496013,126.94645370377644
스타벅스북가좌DT,서대문구,서울특별시 서대문구 응암로 85 (북가좌동),37.580758,126.911478
스타벅스현대신촌,서대문구,서울특별시 서대문구 신촌로 83 (창천동),37.5560830579515,126.935844876509
스타벅스방배로,서초구,서울특별시 서초구 방배로 52 (방배동),37.4793434,126.9994968
스타벅스강남교보타워R,서초구,서울특별시 서초구 강남대로 465 (서초동),37.5037107773698,127.024335263404
스타벅스방배다이치빌딩,서초구,서울특별시 서초구 방배로 114 (방배동),37.484329,126.995872
스타벅스센트럴F1,서초구,서울특별시 서초구 신반포로 176 (반포동),37.505148,127.004395
스타벅스서초역이화빌딩,서초구,서울특별시 서초구 반포대로21길 3 (서초동),37.487931,127.009126
스타벅스서초구청,서초구,서울특별시 서초구 남부순환로 2557 (서초동),37.484353839,127.030090489
스타벅스서초우성사거리,서초구,서울특별시 서초구 강남대로 343 (서초동),37.493545,127.02943
스타벅스이수역사거리,서초구,"서울특별시 서초구 서초대로 3-4 (방배동, 방배디오슈페리움1)",37.48585,126.983027
스타벅스강남대로신사,서초구,서울특별시 서초구 강남대로 595 (잠원동),37.51489,127.019469
스타벅스서울고속터미널,서초구,서울특별시 서초구 신반포로 194 (반포동),37.5045697,127.0061603
스타벅스방배,서초구,서울특별시 서초구 방배로 211,37.491914,126.99049739999998
스타벅스방배카페거리,서초구,서울특별시 서초구 방배중앙로 162 (방배동),37.4934767,126.9865297
스타벅스서초법원,서초구,서울특별시 서초구 서초대로 274 (서초동),37.49297,127.011875
스타벅스청계산입구역,서초구,서울특별시 서초구 청계산로 203 (신원동),37.447323,127.05625
스타벅스사당로데오,서초구,서울특별시 서초구 방배천로 5-4(방배동),37.4772752,126.98216049999996
스타벅스파미에파크R,서초구,서울특별시 서초구 사평대로 205 (반포동) CENTRALCITY,37.5030521,127.004362
스타벅스양재역,서초구,서울특별시 서초구 강남대로 202 (양재동) 모산빌딩,37.482379525,127.036853356
스타벅스논현역,서초구,서울특별시 서초구 강남대로 557 (잠원동) 1~2층,37.5114376142061,127.020548691552
스타벅스이수역,서초구,서울특별시 서초구 동작대로 112 (방배동),37.4864664,126.98274029999992
스타벅스내방역,서초구,서울특별시 서초구 방배로 184 (방배동) 대풍빌딩,37.490004,126.992455
스타벅스서초파라곤,서초구,서울특별시 서초구 서초대로74길 29 (서초동) 서초파라곤,37.4949424,127.0274216
스타벅스서울아트센터,서초구,서울특별시 서초구 남부순환로 2395 (서초동) 호경빌딩,37.480866,127.012368
스타벅스서초중앙로,서초구,서울특별시 서초구 서초중앙로 225,37.501691,127.01152
스타벅스센트럴시티,서초구,서울특별시 서초구 신반포로 176 (반포동),37.504707,127.004459
스타벅스강남삼성타운,서초구,서울특별시 서초구 서초대로78길 24 (서초동),37.49562035,127.0277144
스타벅스방배역,서초구,서울특별시 서초구 방배로 84 (방배동),37.48200755,126.9976438
스타벅스반포역,서초구,서울특별시 서초구 신반포로 257 (잠원동) 신반포11차상가,37.508589,127.011959
스타벅스남부터미널,서초구,"서울특별시 서초구 서초중앙로 26, 래미안서초유니빌 1층 101호 (서초동)",37.48467334,127.0169464
스타벅스뉴코아강남,서초구,서울특별시 서초구 잠원로 69 (잠원동) 킴스클럽,37.51031339,127.0069582
스타벅스강남서초초교,서초구,"서울특별시 서초구 서초대로77길 27, 유빌딩 1,2층 (서초동)",37.5000875,127.02549090000002
스타벅스교대,서초구,서울특별시 서초구 서초중앙로 118 (서초동),37.4923611,127.0142207
스타벅스하이브랜드,서초구,"서울특별시 서초구 매헌로 16, 리빙관 101호 (양재동)",37.46252023465575,127.03666795290287
스타벅스신논현역,서초구,서울특별시 서초구 강남대로 483 (반포동) 청호빌딩,37.50529,127.023636
스타벅스영동2교,서초구,"서울특별시 서초구 논현로 139, 대흥빌딩 (양재동)",37.48203954,127.0425748
스타벅스남부터미널역5번출구,서초구,서울특별시 서초구 효령로 274 (서초동),37.48436736,127.0142192
스타벅스서래마을입구,서초구,서울특별시 서초구 서래로 48 (반포동),37.49925284,126.9984801
스타벅스몬테소리,서초구,서울특별시 서초구 강남대로 399 (서초동),37.4982695,127.026865
스타벅스서초역,서초구,서울특별시 서초구 반포대로 118 (서초동),37.49067495,127.0086118
스타벅스교대법원,서초구,서울특별시 서초구 서초중앙로 164 (서초동),37.496329,127.013336
스타벅스강남GT타워,서초구,"서울특별시 서초구 서초대로 411, GT타워 (서초동)",37.4979079083082,127.026162553761
스타벅스서초동,서초구,"서울특별시 서초구 남부순환로339길 64, 현우빌딩 1층 (서초동)",37.485941,127.021525
스타벅스서울교대,서초구,"서울특별시 서초구 서초중앙로 64, 1층 (서초동)",37.487397,127.015134
스타벅스강남에비뉴,서초구,"서울특별시 서초구 서초대로77길 62, 강남역아이파크 B102~B105 (서초동)",37.5025778098288,127.024105881331
스타벅스반포자이,서초구,서울특별시 서초구 잠원로 24 (반포동),37.507170475349405,127.0099189083483
스타벅스서초태우빌딩,서초구,서울특별시 서초구 강남대로 285 (서초동),37.48870504886586,127.03158117446388
스타벅스교대역3번출구,서초구,서울특별시 서초구 서초중앙로24길 10 (서초동),37.4943456632732,127.014900469688
스타벅스반포원베일리,서초구,서울특별시 서초구 반포대로 291 (반포동),37.504657083267006,126.99903302367883
스타벅스강남역우송빌딩,서초구,서울특별시 서초구 서초대로73길 7 (서초동),37.4981314601413,127.02527908458
스타벅스서이초교사거리,서초구,서울특별시 서초구 사임당로 143 (서초동),37.4918146,127.0252252
스타벅스서울웨이브아트센터,서초구,서울특별시 서초구 잠원로 145-35 (잠원동),37.518807,127.00704
스타벅스길음역,성북구,서울특별시 성북구 정릉로 376 (돈암동),37.602139,127.025271
스타벅스미아이마트,성북구,서울특별시 성북구 도봉로 17 (길음동),37.610678,127.029921
스타벅스종암DT,성북구,서울특별시 성북구 종암로 17 (종암동),37.5919525,127.0360401
스타벅스미아,성북구,서울특별시 성북구 동소문로 314 (하월곡동),37.607581,127.029303
스타벅스성신여대정문,성북구,서울특별시 성북구 보문로34길 62 (동선동2가),37.59091,127.0188
스타벅스종암,성북구,서울특별시 성북구 종암로 122 (종암동),37.601095,127.033847
스타벅스삼선교,성북구,서울특별시 성북구 동소문로 10 (동소문동2가),37.588696,127.00732070000004
스타벅스월곡역,성북구,"서울특별시 성북구 화랑로 76, 101-1호 (하월곡동)",37.601718,127.040446
스타벅스고대,성북구,서울특별시 성북구 고려대로24길 51 (안암동5가),37.58397192,127.0297352
스타벅스현대미아,성북구,서울특별시 성북구 동소문로 315 (길음동) 지하1층,37.60837822,127.0287483
스타벅스성신여대,성북구,서울특별시 성북구 동소문로24길 12 (동선동1가),37.593135,127.018379
스타벅스안암역,성북구,서울특별시 성북구 고려대로 102-2 (안암동5가),37.586319,127.030556
스타벅스한성대입구역,성북구,서울특별시 성북구 성북로 11 (성북동1가),37.589054,127.004839
스타벅스고대안암병원,성북구,서울특별시 성북구 고려대로 73 (안암동5가),37.58687889805418,127.02820333331364
스타벅스장위뉴타운,성북구,서울특별시 성북구 장월로38길 4 (장위동),37.61807231629592,127.05152854027804
스타벅스성신여대입구역,성북구,서울특별시 성북구 동소문로 105 (동선동4가),37.59305,127.0167
스타벅스송파나루역DT,송파구,서울특별시 송파구 오금로 142 (송파동),37.51098709,127.1101186
스타벅스송파헬리오시티,송파구,"서울특별시 송파구 송파대로 345 (가락동, 헬리오시티)",37.4977826892486,127.102851954992
스타벅스잠실시그마타워,송파구,서울특별시 송파구 올림픽로 289 (신천동),37.514567,127.102493
스타벅스문정법원로R,송파구,서울특별시 송파구 송파대로 201 (문정동),37.487356272840366,127.11911981125742
스타벅스송파개롱역,송파구,서울특별시 송파구 오금로 420 (가락동),37.496956,127.13652
스타벅스문정하비오,송파구,"서울특별시 송파구 송파대로 111 (문정동, 파크하비오) 204동 104호~107호",37.48211912934925,127.12354072397868
스타벅스문정역,송파구,"서울특별시 송파구 송파대로 167 (문정동)테라타워 B동 137호~139호,204호",37.48529649766194,127.12227677436005
스타벅스잠실대교남단R,송파구,서울특별시 송파구 송파대로 570 타워 730 1층,37.515511,127.099006
스타벅스송파위례,송파구,"서울특별시 송파구 위례광장로 230 (장지동, 위례2차아이파크)",37.478416,127.143161
스타벅스송파방이DT,송파구,서울특별시 송파구 오금로 241 (방이동),37.506564,127.120495
스타벅스올림픽평화의문,송파구,서울특별시 송파구 위례성대로 38 (방이동) 해태그린피아빌라트,37.5156426,127.11648190000004
스타벅스송파아이파크,송파구,서울특별시 송파구 법원로 55 (문정동),37.47979344097158,127.12242043651425
스타벅스송파사거리,송파구,서울특별시 송파구 송파대로 386 (송파동),37.5022788,127.1103904
스타벅스석촌서호,송파구,서울특별시 송파구 석촌호수로 176 (삼전동),37.5063929,127.0964684
스타벅스문정로데오,송파구,서울특별시 송파구 동남로 141 (가락동),37.491858429761606,127.1262310406828
스타벅스올림픽훼미리,송파구,서울특별시 송파구 중대로 68 (문정동),37.49161637520592,127.11626573028454
스타벅스올림픽공원남문,송파구,서울특별시 송파구 위례성대로 102 (방이동),37.5133,127.123113
스타벅스방이역,송파구,"서울특별시 송파구 마천로 53, 1~2층 (오금동)",37.5084904076542,127.126776485458
스타벅스석촌호수,송파구,서울특별시 송파구 석촌호수로 262 (송파동),37.50957859,127.10532641
스타벅스잠실푸르지오월드,송파구,"서울특별시 송파구 올림픽로35가길 9, 잠실푸르지오월드마크 1층 (신천동)",37.517649,127.103426
스타벅스잠실새내역,송파구,서울특별시 송파구 올림픽로 96 (잠실동),37.511679,127.081062
스타벅스잠실역,송파구,"서울특별시 송파구 송파대로 562 (신천동, 웰리스타워,삼성웰리스아파트) 1층,2층",37.515272,127.099231
스타벅스갤러리아팰리스,송파구,"서울특별시 송파구 올림픽로 212, 갤러리아 팰리스 (잠실동)",37.51108365,127.0938059
스타벅스아시아선수촌,송파구,서울특별시 송파구 백제고분로 69 (잠실동),37.51059,127.079047
스타벅스올림픽아파트,송파구,서울특별시 송파구 양재대로 1220 (방이동),37.515315,127.133237
스타벅스가락본동,송파구,서울특별시 송파구 송파대로30길 13 (가락동),37.49481239261653,127.11883481297144
스타벅스석촌역,송파구,"서울특별시 송파구 백제고분로 358, 1층 (석촌동)",37.5042626,127.10610769999994
스타벅스가락시장역,송파구,"서울특별시 송파구 중대로 121, 롯데캐슬 파인힐 1층 (가락동)",37.49442875605291,127.1217432178345
스타벅스가든파이브,송파구,서울특별시 송파구 충민로 10 (문정동) 가든파이브툴,37.47797467656461,127.12118515527476
스타벅스문정역2번출구,송파구,서울특별시 송파구 문정로 1 (문정동),37.48629340180307,127.12320273731552
스타벅스잠실본동,송파구,"서울특별시 송파구 백제고분로 91 (잠실동), 1층",37.5086445885442,127.07949103207
스타벅스송파NC,송파구,서울특별시 송파구 충민로 66 (문정동)  가든파이브라이프 패션관1층,37.47804418570353,127.12580079741949
스타벅스송파거여역,송파구,서울특별시 송파구 오금로 493 (거여동),37.49360000716603,127.14364544756285
스타벅스몽촌토성역,송파구,서울특별시 송파구 위례성대로 6 (방이동),37.516913,127.113127
스타벅스송파KT,송파구,"서울특별시 송파구 잠실로 209 (신천동), 오피스빌딩 1층 2~4호",37.51394208,127.10699228
스타벅스문정법조타운 한양타워,송파구,서울특별시 송파구 법원로11길 12 (문정동),37.48579658616536,127.11781422446036
스타벅스송파마천사거리DT,송파구,서울특별시 송파구 거마로 78 (마천동),37.499829,127.147672
스타벅스목동파리공원,양천구,서울특별시 양천구 목동동로 377 (목동),37.535336,126.878852
스타벅스등촌역,양천구,서울특별시 양천구 공항대로 566 (목동) 1층 2층,37.548884,126.86807
스타벅스목동행복한,양천구,서울특별시 양천구 목동동로 309 (목동),37.52935595865839,126.87589210780988
스타벅스신정DT,양천구,서울특별시 양천구 신월로 341 (신정동),37.521993,126.858865
스타벅스목동역,양천구,서울특별시 양천구 목동로 203 (신정동) 1층일부,37.526684,126.863986
스타벅스목동오목로,양천구,"서울특별시 양천구 오목로 279 (목동) 102,103,104,105호",37.525923,126.868438
스타벅스목동8단지,양천구,서울특별시 양천구 목동서로 299 (신정동),37.520518,126.868841
스타벅스오목교역,양천구,서울특별시 양천구 오목로 354 (목동),37.52385592925717,126.87644987818643
스타벅스신월IC DT,양천구,서울특별시 양천구 남부순환로 430 (신월동),37.5295024379561,126.83220232277918
스타벅스목동7단지,양천구,서울특별시 양천구 목동서로 213 (목동) 세신비젼프라자,37.528012,126.87053
스타벅스목동5단지,양천구,"서울특별시 양천구 목동동로 411, 1동 116호(목동, 부영그린타운3차)",37.5363856363692,126.88211754815595
스타벅스목동,양천구,서울특별시 양천구 목동서로 67 (목동) 우성에펠타운,37.53638383,126.8785597
스타벅스현대목동,양천구,"서울특별시 양천구 목동동로 257 (목동, 현대하이페리온) 지하2층",37.526848,126.875023
스타벅스목동SBS,양천구,"서울특별시 양천구 목동서로 161 (목동), 1/2층 일부",37.52896162444895,126.87363009594164
스타벅스목동트라팰리스,양천구,서울특별시 양천구 오목로 299 (목동),37.5255,126.8702
스타벅스목동10단지,양천구,"서울특별시 양천구 목동서로 401 (신정동, 대림아크로빌), 상가A동 101,101-1호",37.515425616177,126.859603067999
스타벅스신월동DT,양천구,서울특별시 양천구 남부순환로 319 (신월동),37.5382923530559,126.827101409243
스타벅스타임스퀘어R,영등포구,서울특별시 영등포구 영중로 15 지하 1층 (영등포동4가),37.51755,126.90516
스타벅스샛강역,영등포구,서울특별시 영등포구 여의대방로 376 (여의도동),37.5183551,126.9312716
스타벅스영등포역,영등포구,서울특별시 영등포구 경인로 870 (영등포동1가),37.5170200006468,126.9091910464292
스타벅스당산대로,영등포구,서울특별시 영등포구 양평로 22 (당산동6가),37.533121,126.903804
스타벅스여의도IFC몰(L1)R,영등포구,서울특별시 영등포구 국제금융로 10 (여의도동)  지하1층 178호,37.5253863159901,126.9260652456012
스타벅스여의도KBS R,영등포구,서울특별시 영등포구 의사당대로 26 (여의도동),37.526596,126.918456
스타벅스여의도화재보험,영등포구,서울특별시 영등포구 국제금융로6길 38 (여의도동),37.521345,126.926004
스타벅스국회대로,영등포구,서울특별시 영등포구 국회대로 786 (여의도동),37.53026,126.919549
스타벅스영등포KT,영등포구,서울특별시 영등포구 영중로 119 (영등포동8가),37.526419,126.905314
스타벅스여의도공원R,영등포구,서울특별시 영등포구 여의공원로 101 (여의도동),37.529129532990446,126.92535729471122
스타벅스국회의사당역,영등포구,서울특별시 영등포구 의사당대로 8 (여의도동),37.52805409993459,126.91711953333622
스타벅스여의도역R,영등포구,서울특별시 영등포구 의사당대로 83 (여의도동) 1층,37.523328,126.923439
스타벅스선유동이레빌딩,영등포구,서울특별시 영등포구 선유동2로 57 (양평제1동) 이레빌딩,37.534277678053385,126.89697631969192
스타벅스동여의도,영등포구,서울특별시 영등포구 국제금융로 86 (여의도동) 롯데캐슬 아이비,37.52063015571123,126.93168638298104
스타벅스여의도ABL타워,영등포구,서울특별시 영등포구 의사당대로 147 (여의도동) 알리안츠타워,37.518749,126.92779
스타벅스영등포신길,영등포구,"서울특별시 영등포구 신길로 137 (신길동) 1,2층",37.504566,126.910073
스타벅스문래역,영등포구,서울특별시 영등포구 당산로 34 (문래동3가),37.517446,126.895258
스타벅스당산,영등포구,서울특별시 영등포구 양평로 64 (당산동6가),37.5349943240056,126.90000472153656
스타벅스여의도한양증권,영등포구,서울특별시 영등포구 국제금융로6길 7 (여의도동) 한양증권,37.5224498935344,126.929058901725
스타벅스여의도일신,영등포구,서울특별시 영등포구 은행로 11 (여의도동) 1층 1부,37.52774993247095,126.92027623791678
스타벅스하이테크시티,영등포구,서울특별시 영등포구 경인로 775 (문래동3가) 에이스하이테크시티,37.51445587278118,126.89987943038908
스타벅스여의도,영등포구,서울특별시 영등포구 국제금융로2길 28 (여의도동),37.52403519,126.9245179
스타벅스롯데캐슬여의도,영등포구,"서울특별시 영등포구 의사당대로 127 (여의도동, 롯데캐슬엠파이어) 1층 104호",37.52025214,126.9263678
스타벅스문래동,영등포구,"서울특별시 영등포구 선유로 64, 대창타운빌 1층 (문래동3가)",37.519602,126.889652
스타벅스여의도호성,영등포구,"서울특별시 영등포구 여의대방로65길 24, 호성빌딩 1층 (여의도동)",37.52047101976742,126.92920636135348
스타벅스타임스퀘어B2,영등포구,"서울특별시 영등포구 영중로 15, 지하2층 (영등포동4가)",37.516922979246246,126.90330917802368
스타벅스영등포본동,영등포구,서울특별시 영등포구 영등포로 254 (영등포동3가),37.518713,126.909559
스타벅스타임스퀘어2F,영등포구,서울특별시 영등포구 영중로 15 지상2층 (영등포동4가),37.51680365429925,126.90338002881408
스타벅스여의도의사당,영등포구,서울특별시 영등포구 국회대로74길 12 (여의도동),37.530023,126.92109
스타벅스여의도IFC(1F),영등포구,서울특별시 영등포구 국제금융로 10 (여의도동),37.525273,126.924668
스타벅스여의도교직원공제회,영등포구,서울특별시 영등포구 여의나루로 50 (여의도동),37.52191490479988,126.9255878998734
스타벅스선유도역 1번출구,영등포구,서울특별시 영등포구 양평로 128 (양평동5가)양평로 128,37.538333,126.893612
스타벅스영등포시장역,영등포구,서울특별시 영등포구 영중로 79 (영등포동7가),37.52349264546045,126.90497778447684
스타벅스영등포구청역,영등포구,서울특별시 영등포구 국회대로 558 ,37.52789,126.89608
스타벅스서울양평역,영등포구,"서울특별시 영등포구 선유서로24길 6 (양평동1가, 영등포 중흥 S-CLASS)",37.523128,126.885809
스타벅스영등포시장교차로,영등포구,서울특별시 영등포구 영중로 45 (영등포동6가),37.5204239,126.904446
스타벅스더현대서울(B2)R,영등포구,서울특별시 영등포구 여의대로 108 (여의도동),37.5258834618679,126.928658229468
스타벅스여의도브라이튼,영등포구,"서울특별시 영등포구 국제금융로 39 (여의도동, 브라이튼 여의도), 1층",37.5241006226166,126.929817318958
스타벅스여의도TP타워,영등포구,서울특별시 영등포구 의사당대로 96 (여의도동),37.521624938408046,126.92302031330276
스타벅스당산역사거리,영등포구,서울특별시 영등포구 양평로 47 (당산동5가),37.53409659351415,126.90121370080551
스타벅스신풍역,영등포구,서울특별시 영등포구 신풍로 23 (신길동),37.5003469620528,126.908438384002
스타벅스불광역,은평구,서울특별시 은평구 통일로 715 (대조동),37.609382,126.9303971
스타벅스구파발사거리,은평구,서울특별시 은평구 진관3로 21 은평엘크루 101동 105-108호,37.639617,126.91881
스타벅스연신내역사거리,은평구,서울특별시 은평구 통일로 842 (불광동),37.618773940257306,126.92179889674078
스타벅스연신내,은평구,서울특별시 은평구 통일로 867 (갈현동),37.6203213,126.9198926
스타벅스구파발역,은평구,서울특별시 은평구 진관2로 12,37.63446,126.918881
스타벅스은평구청입구,은평구,서울특별시 은평구 은평로 170 (응암동),37.601042,126.926789
스타벅스은평이마트,은평구,서울특별시 은평구 은평로 111 (응암동),37.60037923,126.9202735
스타벅스구산역,은평구,서울특별시 은평구 연서로 146 (대조동),37.611745,126.917678
스타벅스불광역8번출구,은평구,서울특별시 은평구 통일로 746 (불광동),37.61199,126.9289
스타벅스수색,은평구,서울특별시 은평구 수색로 216 (수색동),37.58006406944348,126.89956239090266
스타벅스새절역,은평구,서울특별시 은평구 증산로 371 (신사동),37.5894266730207,126.912863456524
스타벅스더북한산,은평구,서울특별시 은평구 대서문길 24-11 (진관동),37.6554576593266,126.947556374345
스타벅스녹번역,은평구,"서울특별시 은평구 통일로 636 (녹번동) 110,111,112,113,114,115호",37.603307621312325,126.93528567756574
스타벅스진관DT,은평구,서울특별시 은평구 연서로 645 (진관동),37.6501787,126.9361968
스타벅스연합뉴스,종로구,서울특별시 종로구 율곡로2길 25 (수송동),37.57462713751161,126.98047541991131
스타벅스혜화역,종로구,서울특별시 종로구 대학로12길 4 (동숭동)1~2층,37.5824779,127.002185
스타벅스경희궁로,종로구,서울특별시 종로구 새문안로3길 15 (당주동),37.571759,126.972343
스타벅스강북삼성병원,종로구,서울특별시 종로구 새문안로 29 (평동) C관 5층,37.568546,126.96756
스타벅스종로평창동,종로구,서울특별시 종로구 평창12길 3 (평창동),37.60614770769474,126.96736414444057
스타벅스광화문우체국,종로구,서울특별시 종로구 종로 6 (서린동),37.57000686119245,126.9780599046084
스타벅스종로R,종로구,서울특별시 종로구 종로 51 (종로2가),37.5708,126.9834
스타벅스독립문역,종로구,서울특별시 종로구 송월길 155 경희궁자이 4단지 1층 팰리스애비뉴 4114~4119호,37.571432,126.961269
스타벅스정부서울청사R,종로구,서울특별시 종로구 새문안로5가길 28 (적선동),37.57462131253072,126.97367761929036
스타벅스종로구청,종로구,서울특별시 종로구 삼봉로 71 (수송동),37.572498614917706,126.98095141204924
스타벅스북촌로,종로구,서울특별시 종로구 북촌로4길 23 (계동),37.579419015932245,126.98648560012543
스타벅스종로수송,종로구,서울특별시 종로구 종로5길 30 (청진동) 1~3층,37.57165162614545,126.98062335393884
스타벅스새문안로,종로구,서울특별시 종로구 새문안로 92 (신문로1가) 광화문오피시아빌딩,37.5698260909968,126.97517631222829
스타벅스안국,종로구,서울특별시 종로구 북촌로 5-1 (재동),37.577393946851736,126.98576427427058
스타벅스삼청동,종로구,서울특별시 종로구 삼청로 111-1 (삼청동),37.58541226323984,126.98191331140823
스타벅스광화문D타워,종로구,서울특별시 종로구 종로3길 17 (청진동) D타워,37.57049132960646,126.97907003783456
스타벅스적선,종로구,"서울특별시 종로구 새문안로5길 55, 노스게이트빌딩 1층 (적선동)",37.57529940979838,126.9741245340108
스타벅스인사,종로구,서울특별시 종로구 인사동길 14 (인사동),37.57220884263517,126.9867981995666
스타벅스광화문,종로구,서울특별시 종로구 세종대로 167 (세종로),37.5712544016373,126.97631064081756
스타벅스성대입구,종로구,서울특별시 종로구 창경궁로 235 (명륜3가),37.582892,126.998392
스타벅스스페이스본,종로구,서울특별시 종로구 사직로8길 4 (사직동) 광화문 풍림스페이스본,37.57493107689841,126.96921731857208
스타벅스주얼리시티,종로구,서울특별시 종로구 종로 183 (인의동) 효성주얼리시티,37.5714829206881,126.998666645245
스타벅스종각,종로구,서울특별시 종로구 종로 64 (종로2가),37.57001689280663,126.98450354974084
스타벅스동숭로아트,종로구,서울특별시 종로구 동숭길 110 (동숭동),37.582969,127.003876
스타벅스종로관철,종로구,"서울특별시 종로구 종로12길 21, 2층 (관철동)",37.56913860117361,126.98593280684015
스타벅스경복궁역,종로구,"서울특별시 종로구 자하문로4길 6, 1층 (통의동)",37.5771508,126.97274530000004
스타벅스이마빌딩,종로구,서울특별시 종로구 종로1길 42 (수송동),37.5738637,126.97897149999994
스타벅스마로니에공원,종로구,"서울특별시 종로구 대학로 116, 1-2층 (동숭동)",37.58154296,127.0023412
스타벅스종로3가,종로구,"서울특별시 종로구 종로 113-1, 1-4층 (종로3가)",37.57056485920516,126.99021701586494
스타벅스대학로,종로구,"서울특별시 종로구 대학로 57, 홍익대학교 대학로캠퍼스 內 (연건동)",37.5764916392943,127.001470988378
스타벅스경복궁사거리,종로구,"서울특별시 종로구 율곡로 6, B동 101호(중학동, 트윈트리타워)",37.57561593950808,126.9802374336133
스타벅스종로관수,종로구,서울특별시 종로구 삼일대로20길 13 (관수동),37.56971102439499,126.98863522829856
스타벅스광화문교보문고,종로구,서울특별시 종로구 종로 1 (종로1가),37.571017,126.977937
스타벅스정동,종로구,서울특별시 종로구 새문안로 42 (신문로2가),37.568588290965394,126.9700717081199
스타벅스종로플레이스,종로구,서울특별시 종로구 창경궁로 120 (인의동),37.5731377743929,126.998354975801
스타벅스강북삼성병원1층,종로구,서울특별시 종로구 새문안로 29 (평동) A관 1층,37.568546,126.96756
스타벅스동숭길입구,종로구,서울특별시 종로구 대학로 146 (혜화동),37.584236,127.002014
스타벅스서울대치과병원,종로구,서울특별시 종로구 대학로 101 서울대학교 치과병원 신관1층,37.5774740926489,126.999891434786
스타벅스서대문역,종로구,서울특별시 종로구 통일로 134 (평동),37.5667,126.96629
스타벅스숭례문북창,중구,서울특별시 중구 세종대로12길 12 (남대문로4가),37.561725,126.976838
스타벅스을지로4가역,중구,서울특별시 중구 을지로 170 (을지로4가),37.56634407411786,126.9975324614346
스타벅스동대문두타,중구,서울특별시 중구 장충단로 275 (을지로6가),37.56892512604548,127.00878383484596
스타벅스대한상공회의소R,중구,서울특별시 중구 세종대로 39 (남대문로4가) 1층,37.560938,126.973702
스타벅스국립중앙의료원,중구,서울특별시 중구 을지로 251 (을지로6가),37.566516,127.0062376
스타벅스동국대,중구,서울특별시 중구 서애로 1길 11,37.561542,126.998437
스타벅스신세계본점5F,중구,서울특별시 중구 소공로 63 (충무로1가),37.560951,126.981134
스타벅스동대문공원,중구,서울특별시 중구 장충단로 229 (광희동1가),37.565133,127.007191
스타벅스을지로국제빌딩,중구,서울특별시 중구 남대문로 109 (다동),37.566952,126.982219
스타벅스동대입구역,중구,서울특별시 중구 장충단로 166 (장충동1가),37.5596804372304,127.006202929994
스타벅스신당역사거리,중구,서울특별시 중구 다산로 258 (흥인동),37.565807,127.01643
스타벅스연세세브란스,중구,서울특별시 중구 통일로 10 (남대문로5가),37.557207,126.97354
스타벅스회현역,중구,서울특별시 중구 퇴계로 72 (회현동) 리더스뷰남산,37.55947242829924,126.98072554032832
스타벅스을지로경기빌딩,중구,서울특별시 중구 남대문로10길 9 (삼각동) 경기빌딩,37.56707721942303,126.98322227123016
스타벅스을지로2가,중구,서울특별시 중구 삼일대로 358 (을지로2가),37.566347,126.988066
스타벅스신세계본점6F,중구,서울특별시 중구 퇴계로 77 (충무로1가),37.560381,126.980758
스타벅스서울중앙우체국,중구,서울특별시 중구 소공로 70 (충무로 1가) 서울 중앙 우체국,37.561678,126.982117
스타벅스한국프레스센터,중구,서울특별시 중구 세종대로 124 (태평로1가),37.56724756017782,126.9780493948243
스타벅스명동중앙로,중구,서울특별시 중구 명동길 60 (명동 2가),37.5637485,126.9857723
스타벅스약수역,중구,서울특별시 중구 다산로 129 (신당동),37.555437,127.0107253
스타벅스중구저동,중구,서울특별시 중구 수표로 34 (저동2가),37.5643686,126.9903382
스타벅스명동길,중구,서울특별시 중구 명동10길 41,37.5620695,126.9858669
스타벅스서소문로,중구,서울특별시 중구 서소문로 120 (서소문동) 대한빌딩,37.563006,126.974546
스타벅스신당역,중구,"서울특별시 중구 퇴계로 385, 1층 (흥인동)",37.5654033985295,127.014352404697
스타벅스명동메트로,중구,서울특별시 중구 명동9가길 14 (을지로1가) 메트로호텔,37.565118,126.983681
스타벅스숭례문,중구,"서울특별시 중구 세종대로 17, 그레이츠 숭례 1층 (남대문로5가)",37.55874473,126.9730952
스타벅스순화동더샵,중구,"서울특별시 중구 칠패로 27, 1층 (순화동)",37.56006079590111,126.97183790303104
스타벅스환구단,중구,서울특별시 중구 소공로 112 (소공동),37.56459884548825,126.9792301485792
스타벅스무교동,중구,서울특별시 중구 무교로 21 (무교동) 코오롱빌딩 1층,37.56792802146892,126.9792065857694
스타벅스문화일보,중구,서울특별시 중구 새문안로 22 (충정로1가) 문화일보,37.56712291,126.9686642
스타벅스태평로,중구,"서울특별시 중구 세종대로 72, 대영빌딩 1층 (태평로2가)",37.56248285,126.9767928
스타벅스퍼시픽타워,중구,"서울특별시 중구 세종대로9길 41, 퍼시픽타워 1층 (서소문동)",37.56132157,126.9730264
스타벅스남산단암,중구,"서울특별시 중구 소월로 10, 단암빌딩 (남대문로5가)",37.55853622,126.9754585
스타벅스황학캐슬,중구,서울특별시 중구 청계천로 400 (황학동) 롯데캐슬베네치아,37.57124,127.022905
스타벅스을지로삼화타워,중구,서울특별시 중구 을지로5길 16 (을지로2가) 1층,37.566902,126.984707
스타벅스소공로,중구,"서울특별시 중구 남대문로7길 19, 삼영빌딩 1층 일부 (소공동)",37.5637273,126.98076809999998
스타벅스을지로한국빌딩,중구,"서울특별시 중구 을지로 50, 1층 (을지로 2가)",37.565722,126.98329
스타벅스시청,중구,"서울특별시 중구 을지로 19, 삼성화재삼성빌딩 1층 (을지로1가)",37.56629,126.979808
스타벅스명동역,중구,"서울특별시 중구 퇴계로 101, 건물 전체 (충무로 1가)",37.5608622201549,126.983105390255
스타벅스명동입구,중구,서울특별시 중구 남대문로 68-1 (명동2가),37.563319,126.982242
스타벅스장충라운지R,중구,서울특별시 중구 장충단로4길 25 (장충동1가),37.561036913264,127.007334747398
스타벅스충무로,중구,서울특별시 중구 충무로 3 (필동1가),37.5614959808102,126.992823097196
스타벅스이마트타워,중구,서울특별시 중구 세종대로7길 37 (순화동) 1층,37.5607434636967,126.972528391958
스타벅스동호로,중구,서울특별시 중구 동호로 171 (신당동),37.553478403261,127.011305155237
스타벅스무교로,중구,서울특별시 중구 무교로 15 (무교동),37.56722071682264,126.97907661254084
스타벅스청계크리스탈스퀘어,중구,서울특별시 중구 청계천로 106 (수표동),37.5679,126.98933
스타벅스숭례문SG타워,중구,서울특별시 중구 세종대로 14 (남대문로5가),37.5581293,126.9742637
스타벅스세종대로,중구,서울특별시 중구 세종대로 135-5 (태평로1가),37.568678,126.976493
스타벅스동대문디자인플라자,중구,서울특별시 중구 을지로 281 (을지로7가) 디자인장터,37.56743,127.009758
스타벅스별다방,중구,서울특별시 중구 퇴계로 100 (회현동2가),37.5602013,126.9829327
스타벅스포포인츠명동,중구,서울특별시 중구 삼일대로10길 36 (저동2가),37.5657211,126.9893426
스타벅스명동남산,중구,서울특별시 중구 퇴계로 132 (남산동3가),37.560809,126.986397
스타벅스명일역,강동구,서울특별시 강동구 양재대로 1647 (명일동),37.55255451856903,127.14388583677322
스타벅스강동구청DT,강동구,서울특별시 강동구 성내로 32 (성내동),37.52938776679806,127.12384773690836
스타벅스강동암사DT,강동구,서울특별시 강동구 고덕로 43 (암사동),37.555073228709134,127.12992233765308
스타벅스굽은다리역,강동구,"서울특별시 강동구 양재대로 1568 (명일동, 원일타워)",37.54526203653031,127.14298353027375
스타벅스강동역,강동구,"서울특별시 강동구 천호대로 1089 (천호동, 강동 헤르셔)",37.536047,127.133086
스타벅스둔촌동,강동구,서울특별시 강동구 양재대로 1303 (성내동) 평원빌딩,37.52264171306811,127.13398661016132
스타벅스천호로데오,강동구,서울특별시 강동구 천호대로 1037 (천호동),37.5378069,127.12730940000006
스타벅스천호이마트,강동구,서울특별시 강동구 천호대로 1015-14 (천호동) 이마트별관,37.538984278389535,127.12517047134833
스타벅스길동역,강동구,서울특별시 강동구 양재대로 1487 (길동),37.53870166831661,127.14013947484789
스타벅스상일동,강동구,"서울특별시 강동구 상일로10길 36, 1~2층 (상일동)",37.550948358388766,127.17409536001485
스타벅스천호역,강동구,"서울특별시 강동구 천호대로 1012, 태승빌딩 (성내동)",37.53795191,127.1245793
스타벅스명일이마트,강동구,서울특별시 강동구 동남로75길 5 (명일동) 명일이마트별관주차장,37.55417877236837,127.15613409848524
스타벅스상일동역,강동구,"서울특별시 강동구 고덕로 399 (고덕동, 고덕센트럴푸르지오)",37.55756654027894,127.17076356349716
스타벅스천호사거리,강동구,서울특별시 강동구 올림픽로 651 (천호동),37.539702,127.123542
스타벅스강일역,강동구,"서울특별시 강동구 고덕로 429 (강일동), 1층",37.55747468801038,127.17351070838723
스타벅스올림픽공원북2문,강동구,서울특별시 강동구 강동대로 199 (성내동),37.5241832,127.1286775
스타벅스강동강일,강동구,서울특별시 강동구 아리수로93나길 54 (강일동),37.57219483916046,127.17494002529294
스타벅스천호대로길동,강동구,서울특별시 강동구 천호대로 1131 거산 유팰리스,37.534651,127.13721
스타벅스구로디지털타워,구로구,서울특별시 구로구 디지털로32길 30 (구로동),37.483472189,126.896856737
스타벅스오류동역,구로구,서울특별시 구로구 경인로 216 (오류동),37.4962155,126.8448614
스타벅스구로디지털로,구로구,"서울특별시 구로구 디지털로33길 11, 에이스테크노8차 1층 (구로동)",37.485699173,126.895991532
스타벅스구로에이스,구로구,"서울특별시 구로구 디지털로 285, 에이스트윈타워1차 103호 (구로동)",37.484233766,126.894560454
스타벅스구로하이엔드,구로구,"서울특별시 구로구 디지털로26길 5, 에이스하이엔드타워1차 103호 (구로동)",37.481618,126.893136
스타벅스현대디큐브2F,구로구,서울특별시 구로구 경인로 662 (신도림동),37.509452982,126.889684147
스타벅스구로호텔,구로구,"서울특별시 구로구 디지털로32길 72, 구로호텔 1층 (구로동)",37.4831293,126.89885909999998
스타벅스현대디큐브B2,구로구,서울특별시 구로구 경인로 662 (신도림동),37.50924828,126.889981345
스타벅스구로고척,구로구,서울특별시 구로구 경인로 387 (고척동),37.49706,126.86315
스타벅스구로NC,구로구,서울특별시 구로구 구로중앙로 152 (구로동) 구로NC,37.501219,126.882798
스타벅스구로오류DT,구로구,서울특별시 구로구 서해안로 2233 (오류동),37.4881292318832,126.834491889841
스타벅스구로구청,구로구,"서울특별시 구로구 가마산로 232 (구로동, 스페스큐브), B101호",37.49395067031256,126.88676120707716
스타벅스고척아이파크,구로구,"서울특별시 구로구 경인로43길 49 (고척동, 고척아이파크), 1층 D-101호",37.49930562934076,126.8582208923581
스타벅스신도림힐스테이트,구로구,서울특별시 구로구 경인로 625 (신도림동),37.506860026202624,126.88463805193275
스타벅스답십리역,동대문구,서울특별시 동대문구 천호대로 263 (답십리동),37.568466,127.051106
스타벅스경희대삼거리,동대문구,서울특별시 동대문구 회기로 141 (회기동),37.591531,127.052017
스타벅스외대정문,동대문구,서울특별시 동대문구 이문로 93 (이문동),37.5953464,127.0590302
스타벅스신설동역,동대문구,서울특별시 동대문구 왕산로 19 (신설동),37.5767228,127.0255446
스타벅스회기역사거리,동대문구,서울특별시 동대문구 이문로 37 (회기동),37.590784,127.056098
스타벅스장한평역,동대문구,서울특별시 동대문구 장한로 10 (장안동),37.562337,127.065511
스타벅스경희대,동대문구,서울특별시 동대문구 경희대로 16-1 (회기동),37.5928812,127.05280849999995
스타벅스청량리역롯데캐슬스카이,동대문구,"서울특별시 동대문구 답십리로 27 (전농동, 청량리역 롯데캐슬 SKY-L65)",37.579249267,127.045331071
스타벅스경동1960,동대문구,서울특별시 동대문구 고산자로36길 3 (제기동),37.5796141021494,127.038684963773
스타벅스사이버한국외대,동대문구,서울특별시 동대문구 휘경로 6 (이문동),37.5960508006499,127.060761238087
스타벅스청량리역사,동대문구,서울특별시 동대문구 왕산로 214 (전농동) 청량리역사 Connect Place6층,37.580565324,127.048564845
스타벅스답십리초교사거리,동대문구,서울특별시 동대문구 전농로 38 (답십리동),37.5682540295405,127.057240883237
스타벅스장안사거리,동대문구,서울특별시 동대문구 답십리로 267 (장안동),37.5727209002351,127.070092668638
스타벅스서울숲역,성동구,서울특별시 성동구 왕십리로 50 (성수동1가) 1층,37.541868967552624,127.04489904228213
스타벅스금호역,성동구,서울특별시 성동구 동호로 99 (금호동4가),37.54795819607987,127.0157634714576
스타벅스뚝섬역,성동구,서울특별시 성동구 아차산로 42 (성수동1가),37.546432,127.049042
스타벅스황학사거리,성동구,"서울특별시 성동구 왕십리로 410 (하왕십리동, 센트라스)",37.567598,127.023713
스타벅스성수역,성동구,서울특별시 성동구 성수이로 94 (성수동2가),37.543193,127.056943
스타벅스상왕십리역,성동구,서울특별시 성동구 왕십리로 382 (하왕십리동),37.5651102845783,127.028019796271
스타벅스왕십리역,성동구,서울특별시 성동구 왕십리로 326 (도선동),37.5627541,127.0339072
스타벅스한양대,성동구,"서울특별시 성동구 왕십리로 225 (행당동) 1,2층",37.55726984,127.0421649
스타벅스엔터식스,성동구,서울특별시 성동구 왕십리광장로 17 (행당동),37.56175811,127.0383328
스타벅스신금호역,성동구,서울특별시 성동구 금호로 158-1 (금호동1가) 1~5층 전체,37.55495378704588,127.02011077314177
스타벅스뚝섬역교차로,성동구,서울특별시 성동구 아차산로 6 (성수동1가),37.547754922352,127.045142362137
스타벅스왕십리역9번출구,성동구,서울특별시 성동구 고산자로 234 (행당동),37.5605427226347,127.035267332652
스타벅스성수,성동구,서울특별시 성동구 아차산로 104 (성수동2가),37.5444620830457,127.055413311106
스타벅스옥수,성동구,서울특별시 성동구 독서당로 202 (옥수동),37.5430298,127.0133661
스타벅스성수낙낙,성동구,서울특별시 성동구 광나루로8길 31 (성수동2가) 성수낙낙 1층 101~107호,37.547326,127.066367
스타벅스효창공원앞역,용산구,"서울특별시 용산구 백범로 313 (효창동, 용산 롯데캐슬 센터포레)",37.539305,126.96306
스타벅스서울역서부,용산구,서울특별시 용산구 만리재로 202 (서계동),37.555165,126.968446
스타벅스이태원역,용산구,서울특별시 용산구 이태원로 188 (이태원동),37.534273,126.994789
스타벅스한강진역R,용산구,서울특별시 용산구 이태원로 252 (한남동),37.53716526852496,127.00101265422607
스타벅스용산역써밋R,용산구,"서울특별시 용산구 한강대로 69 (한강로2가, 용산푸르지오써밋)",37.527586,126.965401
스타벅스이촌,용산구,서울특별시 용산구 이촌로 276 (이촌동),37.518605,126.977271
스타벅스신용산역,용산구,"서울특별시 용산구 한강대로 95 (한강로2가, 래미안용산)",37.528702,126.966757
스타벅스용산파크타워,용산구,"서울특별시 용산구 서빙고로 67 (용산동5가, 파크타워)",37.523818,126.970389
스타벅스남영동,용산구,서울특별시 용산구 한강대로 275 (갈월동),37.542831,126.972242
스타벅스한남동R,용산구,서울특별시 용산구 독서당로 94 (한남동),37.53485,127.010919
스타벅스서울타워,용산구,서울특별시 용산구 남산공원길 105 (용산동2가) YTN서울타워 1층,37.551102,126.988317
스타벅스서울역동자동,용산구,서울특별시 용산구 한강대로 372 (동자동),37.551752,126.972694
스타벅스순천향입구,용산구,서울특별시 용산구 대사관로 67 (한남동),37.533394,127.00563
스타벅스숙대,용산구,서울특별시 용산구 청파로47길 57 (청파동3가),37.54460479,126.9672252
스타벅스동빙고,용산구,서울특별시 용산구 장문로 12 (동빙고동),37.5290045288412,126.991762757458
스타벅스숙대입구역,용산구,서울특별시 용산구 한강대로 291 (갈월동),37.544225782,126.971957017
스타벅스용산아이파크몰6F,용산구,서울특별시 용산구 한강대로23길 55,37.52931256899843,126.96568650047514
스타벅스동부이촌동,용산구,서울특별시 용산구 이촌로 198 (이촌동),37.52111,126.96905
스타벅스숙명여대정문,용산구,서울특별시 용산구 청파로47길 100 (청파동2가) 프라임관B1F(로비층),37.54474797,126.96484196
스타벅스용산해링턴스퀘어,용산구,서울특별시 용산구 서빙고로 17 (한강로3가),37.5265379583476,126.967362090447
스타벅스경리단길,용산구,서울특별시 용산구 회나무로 3 (이태원동),37.53854,126.98737
스타벅스서울역사,용산구,서울특별시 용산구 한강대로 405 (동자동) 신-101호,37.55415699928705,126.97179361292847
스타벅스용산리첸시아,용산구,"서울특별시 용산구 백범로 341 (원효로1가, 리첸시아 용산)",37.538571,126.967409
스타벅스용산전자랜드,용산구,서울특별시 용산구 청파로 74 (한강로3가),37.53286105987034,126.96100091132485
스타벅스용산아이파크몰1F,용산구,서울특별시 용산구 한강대로23길 55 1층 (한강로3가),37.52872656009729,126.96447624612844
스타벅스상봉,중랑구,"서울특별시 중랑구 상봉로 131 (상봉동, 상봉 듀오트리스 주상복합)",37.597842,127.092509
스타벅스중랑역,중랑구,서울특별시 중랑구 망우로30길 3 (상봉동),37.5930326,127.07473579999998
스타벅스중랑구청,중랑구,서울특별시 중랑구 신내로 72,37.60538908,127.0957558
스타벅스사가정역,중랑구,서울특별시 중랑구 면목로 310,37.579594,127.087966
스타벅스상봉역,중랑구,서울특별시 중랑구 망우로 307 (상봉동),37.59689,127.08647
스타벅스묵동,중랑구,"서울특별시 중랑구 동일로 952 (묵동, 로프트원 태릉입구역) 1층",37.615368,127.076633
스타벅스망우동,중랑구,서울특별시 중랑구 망우로 407 (망우동),37.5995083771241,127.097538751682
스타벅스양원역,중랑구,서울특별시 중랑구 양원역로10길 3 (망우동),37.6066536267232,127.106359790053
스타벅스중화역,중랑구,서울특별시 중랑구 봉화산로 35 1층,37.60170912407773,127.07841136432036
이디야까치산로점,강서구,서울특별시 강서구 까치산로 182,37.5533017090823,126.85387186478
이디야커피하월곡동점,성북구,서울특별시 성북구 오패산로 16,37.6036426571343,127.03747377967
앙크인베스트먼트이디야커피국회대로점,영등포구,서울특별시 영등포구 국회대로72길 4,37.5303259671253,126.919901437143
이디야화곡본동,강서구,서울특별시 강서구 까치산로4길 11,37.5422152230714,126.844242144004
이디야망리단길점,마포구,서울특별시 마포구 포은로 81-1,37.554302871557,126.905249931854
이디야커피고덕그라시움,강동구,서울특별시 강동구 동남로82길 121,37.5603898985234,127.163680037299
이디야커피건대스타시티,광진구,서울특별시 광진구 능동로 92,37.538992451652,127.07119956705
이디야위례포레샤인점,송파구,서울특별시 송파구 위례순환로 477,37.4750624142372,127.136536572013
이디야커피,중구,서울특별시 중구 마른내로 109-1,37.5646053179773,127.000113122827
이디야커피,성동구,서울특별시 성동구 무학봉15길 27,37.563702595198,127.030154998167
이디야오목교대학학원점,양천구,서울특별시 양천구 오목로 319,37.5250676013836,126.873049951186
이디야,영등포구,서울특별시 영등포구 당산로 222,37.5332360031236,126.902276759613
이디야신월7동점,양천구,서울특별시 양천구 지양로 79,37.5224167796533,126.832974665135
이디야등촌역점,강서구,서울특별시 강서구 등촌로 217,37.5491759557566,126.863294073943
이디야커피숍,서초구,서울특별시 서초구 청계산로 10,37.4634882222877,127.043512405948
이디야응봉동점,성동구,서울특별시 성동구 독서당로 377,37.5505282828068,127.03112925594
이디야남부고용,영등포구,서울특별시 영등포구 양산로 71,37.5250220638522,126.891083901403
이디야커피군자역점,광진구,서울특별시 광진구 능동로 290,37.5555785285795,127.078961626501
이디야강서점,강서구,서울특별시 강서구 화곡로 292,37.5501788902927,126.84870255667
이디야쌈지공원점,금천구,서울특별시 금천구 독산로 276,37.4713434466071,126.903273003144
이디야영등포아크로,영등포구,서울특별시 영등포구 국회대로54길 10,37.523570255397,126.906423210313
이디야상계동점,노원구,서울특별시 노원구 한글비석로52길 8,37.6648757338893,127.066459524643
이디야커피,구로구,서울특별시 구로구 남부순환로97길 11,37.4942460729187,126.858359798075
이디야숭인점,종로구,서울특별시 종로구 숭인동길 6,37.5752823584031,127.021582046881
피앤케이디아이,강남구,서울특별시 강남구 테헤란로 441,37.5068974842335,127.055366583343
이디야커피,동작구,서울특별시 동작구 동작대로7길 100,37.4771452351858,126.977514179342
이디야커피건대역점,광진구,서울특별시 광진구 아차산로 229,37.5407771828983,127.06899348461
이디야방화,강서구,서울특별시 강서구 양천로 72,37.5731668844251,126.811693143262
이디야커피오금,송파구,서울특별시 송파구 위례성대로22길 18,37.5086806472427,127.130335641369
이디야,강동구,서울특별시 강동구 천호대로 1027,37.5380979802092,127.126373175864
이디야충현교회점,강남구,서울특별시 강남구 논현로98길 7,37.5037521782254,127.03632598003
이디야커피,송파구,서울특별시 송파구 오금로 306,37.5028645332371,127.126093962805
이디야송파올림픽훼밀리타운점,송파구,서울특별시 송파구 중대로 24,37.4881190128589,127.111045390345
이디야커피창동대우점,도봉구,서울특별시 도봉구 덕릉로63가길 30,37.6434787207917,127.038727677426
이디야커피용산청파점,용산구,서울특별시 용산구 청파로71길 10,37.5494559592652,126.969397471313
이디야가산리더스,금천구,서울특별시 금천구 벚꽃로 286,37.4803816537492,126.884100782515
이디야삼전역점,송파구,서울특별시 송파구 백제고분로 263,37.502771571862,127.095784078649
이디야커피구로역,구로구,서울특별시 구로구 경인로 572,37.5032935790738,126.881068083047
이디야한신대점,강북구,서울특별시 강북구 덕릉로 31,37.634307097267,127.016967794524
이디야,성동구,서울특별시 성동구 왕십리로 309,37.5613430765923,127.03470180533
이디야도봉,도봉구,서울특별시 도봉구 도봉로181길 18,37.6841562103063,127.044880740847
이디야커피강동,강동구,서울특별시 강동구 풍성로 162,37.5305186936025,127.129844550622
이디야삼,강남구,서울특별시 강남구 테헤란로88길 10,37.50683996708,127.059450446397
이디야상도,동작구,서울특별시 동작구 만양로 17,37.5062797826796,126.947144208417
을지사거리이디야커피숍,강남구,서울특별시 강남구 도산대로30길 7,37.5193829472193,127.029416676307
이디야여의나루역점,영등포구,서울특별시 영등포구 여의나루로 113,37.5260456751758,126.930756150723
이디야커피,금천구,서울특별시 금천구 금하로 690,37.4517946273034,126.906621395895
이디야우이역도,강북구,서울특별시 강북구 삼양로173길 21,37.662570547697,127.011347462766
이디야가락몰점,송파구,서울특별시 송파구 양재대로 932,37.4945258840774,127.108696384278
이디야힐스테이트클래시안점,영등포구,서울특별시 영등포구 신길로28길 9,37.503285144161,126.911016949121
이디야커피,강북구,서울특별시 강북구 덕릉로 82,37.6344188170111,127.022823888847
이디야천왕이펜하우스점,구로구,서울특별시 구로구 천왕로 36,37.4808877333876,126.839364606092
이디야,마포구,서울특별시 마포구 와우산로 41-1,37.5482382198638,126.92281170992
이디야삼성,강남구,서울특별시 강남구 삼성로64길 32,37.5004170836598,127.063059633833
이디야커피만리동고개점,중구,서울특별시 중구 만리재로 175,37.5547738424185,126.964446269041
이디야커피,중구,서울특별시 중구 을지로43길 38,37.5677062385596,127.007746487112
이디야커피,강남구,서울특별시 강남구 개포로109길 34,37.494197347193,127.077635139267
이디야노량진역사,동작구,서울특별시 동작구 노량진로 130,37.513566679742,126.940809186814
이디야커피,동작구,서울특별시 동작구 흑석로 79,37.5070194109948,126.958410454489
이디야,강남구,서울특별시 강남구 압구정로2길 62,37.5177672233487,127.021428527922
이디야총신대점,동작구,서울특별시 동작구 사당로16가길 96,37.4850979953814,126.968812270543
이디야쌍문동점,도봉구,서울특별시 도봉구 노해로 162,37.6488271380852,127.027281301643
이디야커피중앙대,동작구,서울특별시 동작구 흑석로 20,37.5048181784681,126.953012124717
이디야북서울꿈의숲점,성북구,서울특별시 성북구 돌곶이로41가길 2,37.6186388368483,127.045594898309
이디야남현,관악구,서울특별시 관악구 과천대로 909,37.4714571585858,126.982452916592
서아이디야,서대문구,서울특별시 서대문구 거북골로 35,37.5793519984021,126.923903322807
이디야상봉,중랑구,서울특별시 중랑구 망우로 316,37.5965167334664,127.087550599866
이디아커피신촌그랑,마포구,서울특별시 마포구 대흥로 175,37.5556966072799,126.943506660828
이디야,용산구,서울특별시 용산구 원효로 257,37.5405600692489,126.969101254637
이디야금천점,금천구,서울특별시 금천구 시흥대로 291,37.4605466368426,126.897225091343
이디아텐즈힐점,성동구,서울특별시 성동구 무학로 33,37.5690866460273,127.026360904818
이디야명일역점,강동구,서울특별시 강동구 구천면로 424,37.5503395485296,127.145560205945
앙크인베스트먼트이디야커피서,영등포구,서울특별시 영등포구 국회대로72길 17,37.5295453554258,126.921247738375
이디야신당,중구,서울특별시 중구 퇴계로 449-8,37.5656471087966,127.022296698768
한마음에프앤씨이디야커피,종로구,서울특별시 종로구 동호로 406-1,37.570588221996,127.002240585768
이디야커피,종로구,서울특별시 종로구 혜화로 3-1,37.5860538185926,127.000550931776
이디야국회의,영등포구,서울특별시 영등포구 의사당대로 22,37.526855960155,126.917824529153
이디아신방화,강서구,서울특별시 강서구 방화대로34길 92,37.5708497570719,126.821431269014
케이디아이건축사사무소,영등포구,서울특별시 영등포구 양평로 5,37.5320899113238,126.904997676855
이디야고대개운점,성북구,서울특별시 성북구 개운사길 30,37.5876732770293,127.029413790022
이디야창덕궁점,종로구,서울특별시 종로구 돈화문로 41-1,37.5722623006988,126.991418524306
이디야오류남부점,구로구,서울특별시 구로구 오류로8길 65,37.4926445231128,126.843773858087
이디야커피동자동점,용산구,서울특별시 용산구 후암로 93,37.5533440808193,126.975104579843
이디야커피마포,마포구,서울특별시 마포구 월드컵로 196,37.5647855757098,126.902730817168
이디야커피,서초구,서울특별시 서초구 신반포로 200,37.5062139130796,127.005032097372
이디야신정네거리역점,양천구,서울특별시 양천구 중앙로 282,37.5215454584037,126.852559121892
이디야,강남구,서울특별시 강남구 논현로72길 13,37.4958301012042,127.040532937331
이디야커피올림픽,송파구,서울특별시 송파구 양재대로 1222,37.5157231511018,127.131045765864
이디야커피마곡엠밸리점,강서구,서울특별시 강서구 마곡서로 101,37.5626628762908,126.823586331828
이디야커피우장산동점,강서구,서울특별시 강서구 우현로 15,37.5471557251567,126.843611355088
이디야커피당산버드나루점,영등포구,서울특별시 영등포구 버드나루로 87,37.5259611272443,126.908707551953
이디야커피난곡,관악구,서울특별시 관악구 남부순환로 1444,37.4809141916389,126.911239948635
이디야커피,노원구,서울특별시 노원구 동일로 1650,37.6755018407713,127.055511672848
이디야커피여의도농협재단빌딩점,영등포구,서울특별시 영등포구 국제금융로8길 2,37.5220024502374,126.930033272109
이디야커피,노원구,서울특별시 노원구 공릉로 105,37.6196072616082,127.077866469383
이디야오류북부역점,구로구,서울특별시 구로구 경인로20길 6,37.4953976419252,126.843358225253
이디야서초,서초구,서울특별시 서초구 서초중앙로24길 7,37.4947865609063,127.01446822258
이디야성산점,마포구,서울특별시 마포구 월드컵북로 137,37.5648140758985,126.91164997402
이디야커피청담역점,강남구,서울특별시 강남구 삼성로 721,37.5200568683711,127.049125829778
아이디아키텍츠건축사사무소,용산구,서울특별시 용산구 한강대로48길 7,37.5317647889416,126.97104393334
이디야잠원,서초구,서울특별시 서초구 신반포로 333,37.5109265470068,127.020137875952
이디야커피석관동점,성북구,서울특별시 성북구 돌곶이로8길 22,37.6064730934232,127.062240589314
이디야,광진구,서울특별시 광진구 아차산로30길 8,37.5403967181158,127.067595067381
이디야백련산,은평구,서울특별시 은평구 응암로 264,37.5952812574581,126.918861314786
이디야커피석촌백제점,송파구,서울특별시 송파구 백제고분로39길 15,37.5056577956536,127.104435724402
이디야월계점,노원구,서울특별시 노원구 마들로3길 15,37.6265010290164,127.061966366957
이디야커피삼각지점,용산구,서울특별시 용산구 한강대로 138,37.5314351268072,126.970437491764
이디야장한평군자초교점,동대문구,서울특별시 동대문구 한천로2길 53,37.5628287896949,127.061395678194
이디야가재울,서대문구,서울특별시 서대문구 가재울미래로 2,37.5744222627199,126.917872395498
이디야커피장위2동점,성북구,서울특별시 성북구 화랑로25길 14,37.6092961760018,127.052442017109
이디야노들점,동작구,서울특별시 동작구 노량진로 200,37.5128911936934,126.947899697213
이디야,동작구,서울특별시 동작구 사당로17가길 13,37.4838044720506,126.973409417211
이디야,용산구,서울특별시 용산구 원효로41길 73,37.5358407433804,126.961121310631
이디야양재,서초구,서울특별시 서초구 강남대로 221,37.4836764547389,127.034096329153
이디야,중구,서울특별시 중구 다산로35길 11,37.5635306643161,127.014831070946
이디야구로,구로구,서울특별시 구로구 고척로 149,37.5031135644982,126.850126908936
이디야커피번동점,강북구,서울특별시 강북구 오현로 194,37.6288731164492,127.039856139698
이디야염창블루나인,강서구,서울특별시 강서구 양천로 583,37.5571060005552,126.86432805766
이디야본서부,은평구,서울특별시 은평구 응암로 337,37.6012938749059,126.922115123153
이디야커피충무아트점,중구,서울특별시 중구 퇴계로 381-1,37.5652716005657,127.013981825817
이디야커피역촌진흥로점,은평구,서울특별시 은평구 진흥로1길 3,37.6007572517117,126.918612203657
이디야포이점,서초구,서울특별시 서초구 마방로10길 42,37.475624759133,127.044533566557
이디야충정로,서대문구,서울특별시 서대문구 경기대로 26-26,37.5610161416097,126.962175358464
이디야남부,서초구,서울특별시 서초구 효령로60길 15,37.4847131118862,127.01884078555
이디야커피북촌,종로구,서울특별시 종로구 북촌로5길 39,37.5793057768301,126.98270783695
이디야커피-올림픽북문점,강동구,서울특별시 강동구 성안로 7,37.5245376051012,127.128884507995
와이디아카데미,강서구,서울특별시 강서구 월정로32길 22,37.5350768606194,126.83668096307
이디야커피,양천구,서울특별시 양천구 목동중앙본로7길 46,37.5394718594305,126.866111844471
이디야커피명동,중구,서울특별시 중구 명동7길 21,37.5647187130683,126.983845740486
이디야목동아델리체점,양천구,서울특별시 양천구 중앙로43길 14,37.5204071233706,126.851320869
이디야커피,송파구,서울특별시 송파구 백제고분로 172,37.5047134175915,127.085841491484
이디야커피,성북구,서울특별시 성북구 월계로40길 7,37.6228602945652,127.048395632063
이디야커피학동제마점,강남구,서울특별시 강남구 학동로34길 22,37.513110191063,127.033637944634
이디야커피가든파이브테크노관점,송파구,서울특별시 송파구 충민로 66,37.477608217824,127.124940952848
이디야,은평구,서울특별시 은평구 갈현로 82,37.6052523878566,126.910664657725
이디야,종로구,서울특별시 종로구 성균관로 8,37.5836471395822,126.998318669495
이디야청담,강남구,서울특별시 강남구 도산대로 521,37.5248604480372,127.050365898659
이디야커피순천향,용산구,서울특별시 용산구 대사관로 72,37.5330908055493,127.005931059375
이디야커피암사,강동구,서울특별시 강동구 암사길 50,37.5513597948836,127.134706465493
이디야목동파라곤,양천구,서울특별시 양천구 목동서로 155,37.5299883971398,126.875057684574
씨아이디아우토,종로구,서울특별시 종로구 종로 6,37.5698319313931,126.978082271963
이디야보라매,관악구,서울특별시 관악구 보라매로 62,37.4947956599004,126.927583067559
이디야마곡퀸즈파크9점,강서구,서울특별시 강서구 공항대로 247,37.5593412549157,126.834809772822
이디야커피화곡,강서구,서울특별시 강서구 곰달래로 135,37.5307537896023,126.847903757669
아이디아이피,강남구,서울특별시 강남구 개포로 508,37.4892284833684,127.067937445528
이디야커피,영등포구,서울특별시 영등포구 버드나루로 51,37.5230680694194,126.910582391976
이디야,중구,서울특별시 중구 세종대로20길 23,37.5671432299899,126.978707629081
이디야에스프레소신설점,종로구,서울특별시 종로구 난계로29길 30,37.5742271261442,127.02146000382
이디야커피점,중랑구,서울특별시 중랑구 망우로 353,37.5983230687909,127.091605360196
이디야커피,서초구,서울특별시 서초구 청계산로 189,37.4482472348999,127.055336036119
이디야커피창동하나로마트점,도봉구,서울특별시 도봉구 마들로11길 20,37.6551008385145,127.050817590545
이디야관악농협하나로마트점,관악구,서울특별시 관악구 남부순환로 1369,37.4801160615741,126.902884746291
이디야,은평구,서울특별시 은평구 갈현로 268,37.6206158625263,126.9166367825
이디야고덕교차로,강동구,서울특별시 강동구 고덕로 421,37.557397839641,127.172553117705
이디야,도봉구,서울특별시 도봉구 도봉로 823,37.6779109832961,127.044745416101
이디야중화동점,중랑구,서울특별시 중랑구 동일로129길 1,37.5993737618029,127.079520506244
이디야,강북구,서울특별시 강북구 도봉로 128,37.6204655564754,127.028738418369
이디야북,서대문구,서울특별시 서대문구 증가로 257,37.5834462383866,126.911514634282
이디야신정,양천구,서울특별시 양천구 신정로11길 50-15,37.5122336289539,126.83831379492
이디야커피영등포,영등포구,서울특별시 영등포구 경인로 775,37.5147384071488,126.897525378821
이디야커피,중랑구,서울특별시 중랑구 양원역로14가길 24,37.6074130724906,127.106750785801
이디야도림사거리,영등포구,서울특별시 영등포구 도림로 326,37.506578801536,126.901807636528
이디야커피삼성,강남구,서울특별시 강남구 삼성로 608,37.5138820390418,127.053287698143
엘이디아저씨,강북구,서울특별시 강북구 덕릉로 141-1,37.6352492591346,127.029554391348
이디야,중랑구,서울특별시 중랑구 겸재로 240,37.589629571317,127.094156837356
이디야커피강남센트럴시티점,서초구,서울특별시 서초구 신반포로 176,37.5039300142165,127.00239321346
이디야커피신림신화교점,관악구,서울특별시 관악구 신림로 199,37.4755188252008,126.93617965267
이디야,종로구,서울특별시 종로구 율곡로 286,37.5718634840845,127.0081554706
이디야동부병원,동대문구,서울특별시 동대문구 무학로 104,37.5735028815828,127.030876967947
이디야창동,도봉구,서울특별시 도봉구 노해로70길 81,37.6488255649176,127.052551952307
이디야구로,구로구,서울특별시 구로구 오리로 1304,37.4977647056597,126.829366343397
이디야,중구,서울특별시 중구 정동길 2-1,37.5679718249053,126.96933484201
이디야커피점,동대문구,서울특별시 동대문구 장한로 43,37.5650963292558,127.066687366179
이디야커피,도봉구,서울특별시 도봉구 방학로 171,37.6621572330422,127.033227820989
이디야커피방이초교점,송파구,서울특별시 송파구 가락로 280,37.512739840754,127.119983696147
이디야커피,도봉구,서울특별시 도봉구 삼양로 542,37.6516094577724,127.012954693655
이디야커피신월5동점,양천구,서울특별시 양천구 화곡로 50,37.5391571455595,126.827429546899
이디야커피,서대문구,서울특별시 서대문구 연세로12길 10,37.5588504846432,126.93750865814
이디야왕십리센트라스점,성동구,서울특별시 성동구 무학로 22,37.5660734867934,127.030294053566
이디야노원,노원구,서울특별시 노원구 노원로 452,37.656995162161,127.066898206551
이디야커피성신여대역점,성북구,서울특별시 성북구 동소문로17길 40,37.5939225593375,127.015879986906
이디야신림,관악구,서울특별시 관악구 난곡로 197,37.4725599359247,126.918924413993
이디야커피까치산역,강서구,서울특별시 강서구 강서로17길 6,37.5334122861873,126.845181337042
이디야커피마포,마포구,서울특별시 마포구 새창로 6,37.5420270013038,126.950489097307
이디야당산,영등포구,서울특별시 영등포구 당산로 159,37.5288398891345,126.897544133456
이디야가산하이엔드10차점,금천구,서울특별시 금천구 가산디지털1로 30,37.4687900354866,126.887483666076
이디야커피서울중화초등학교점,중랑구,서울특별시 중랑구 신내로7가길 7,37.6023350584477,127.095429765809
이디야왕십리비트플렉스점,성동구,서울특별시 성동구 왕십리광장로 17,37.5614361598608,127.038379235542
이디야,용산구,서울특별시 용산구 한강대로 289,37.5440449182496,126.971950209523
이디야마곡헤리움점,강서구,서울특별시 강서구 마곡중앙5로1길 25,37.569229577876,126.826120574747
이디야커피,성북구,서울특별시 성북구 정릉로 251,37.6047107726155,127.011898565178
이디야커피,성동구,서울특별시 성동구 고산자로 339-2,37.5700146623168,127.037340699252
이디야커피개봉현대점,구로구,서울특별시 구로구 개봉로 69,37.4918945932689,126.855591160651
이디야커피미아꿈의숲해링턴점,강북구,서울특별시 강북구 오현로 45,37.6168453861857,127.03447179453
이디야커피영등포역코레일점,영등포구,서울특별시 영등포구 경인로 846,37.51566141404,126.907647192475
이디야커피,동대문구,서울특별시 동대문구 왕산로 68,37.5774765268396,127.030882075089
이디야커피장위,성북구,서울특별시 성북구 장위로 35,37.6144549086959,127.040766479936
이디야마포성산,마포구,서울특별시 마포구 월드컵북로 210,37.5692110268384,126.9057901944
이디야상계역점,노원구,서울특별시 노원구 덕릉로 698,37.6598301256792,127.075635101492
이디야커피,중구,서울특별시 중구 퇴계로 188,37.5608285928248,126.99253476878
이디야가,강북구,서울특별시 강북구 삼각산로 108,37.6405894824869,127.016148512584
이디야,강남구,서울특별시 강남구 언주로81길 8,37.5003452611029,127.042861498937
이디야홍은,서대문구,서울특별시 서대문구 통일로 510,37.5945642312831,126.941145575913
이디야성수우리W타워,성동구,서울특별시 성동구 아차산로15길 19,37.5447409419661,127.06205252685
이디야,관악구,서울특별시 관악구 난곡로 368,37.4868480103577,126.913731940876
이디야커피장위뉴타운점,성북구,서울특별시 성북구 장월로 144-1,37.6177004698474,127.051021391035
이디야커피장안,동대문구,서울특별시 동대문구 사가정로25길 42,37.5806730394314,127.070953744023
이디야서대문,서대문구,서울특별시 서대문구 연희로 237,37.5782332800162,126.935670944817
아이디아이디자인,성동구,서울특별시 성동구 왕십리로 220,37.5571760574743,127.047499883876
이디야커피종로5가점,종로구,서울특별시 종로구 대학로 33,37.5739093438723,127.001800051294
이디야솔밭공원역점,도봉구,서울특별시 도봉구 삼양로 594,37.6560474421554,127.013541938064
이디야탑골공원점,종로구,서울특별시 종로구 수표로 109-1,37.5710087504096,126.989182694849
건축사사무소에이아이디아키텍츠,마포구,서울특별시 마포구 모래내로 29,37.564873656088,126.906396966696
이디야연신내통일로점,은평구,서울특별시 은평구 통일로 876,37.6211986387739,126.920253226157
이디야,영등포구,서울특별시 영등포구 영등포로35길 19,37.5218649846737,126.904230799936
이디야,중구,서울특별시 중구 퇴계로 218-5,37.5613739400229,126.996262635429
이디야커피시흥유통,금천구,서울특별시 금천구 시흥대로 88,37.4418758065966,126.9038953648
이디야커피보라매역,영등포구,서울특별시 영등포구 여의대방로 141,37.4996727414751,126.919936001037
이디야,광진구,서울특별시 광진구 천호대로 663,37.5518094325728,127.090234921225
이디야커피구로NC점,구로구,서울특별시 구로구 구로동로 240,37.5000019868552,126.882677907164
이디야커피가산,금천구,서울특별시 금천구 가산로 111,37.4756078899548,126.89291112556
이디야봉일,관악구,서울특별시 관악구 은천로 23,37.4864011023419,126.93791369666
이디야자양우성점,광진구,서울특별시 광진구 자양번영로 34,37.5326941723193,127.075803499632
이디야옥수역점,성동구,서울특별시 성동구 한림말5길 9,37.5420022181537,127.01669865018
이디야커피애오개역점,마포구,서울특별시 마포구 마포대로 208,37.5525082273898,126.956827025172
이디야관악우성점,관악구,서울특별시 관악구 관악로 232,37.4849585674796,126.956014383342
이디야상일리엔파크점,강동구,서울특별시 강동구 상일로 74,37.5513582588433,127.174770207328
이디야커피보훈,강동구,서울특별시 강동구 명일로 110,37.5288048321234,127.143147111558
이디야커피대림1동점,영등포구,서울특별시 영등포구 도림로 198,37.4964243787791,126.902815835668
목동신트리점이디야커피,양천구,서울특별시 양천구 신정로 312,37.5132663268317,126.855491121621
이디야커피,중랑구,서울특별시 중랑구 봉화산로 215,37.6076505623627,127.096520639356
제이디아이앤디,강남구,서울특별시 강남구 테헤란로20길 18,37.498492149726,127.03438051614
이디야송파풍납점,송파구,서울특별시 송파구 강동대로9길 17-1,37.5280860473762,127.116522414418
이디야동평화점,중구,서울특별시 중구 청계천로 318,37.569351461721,127.013758243194
이디야커피건대스타시티점,광진구,서울특별시 광진구 아차산로 262,37.5369968145663,127.072944230258
이디야종합운동장역점,송파구,서울특별시 송파구 올림픽로 76,37.5115546361439,127.079163533887
앙크인베스트먼트이디야커피,영등포구,서울특별시 영등포구 영중로 16-1,37.5178730825314,126.90614437142
이디야커피논골,성동구,서울특별시 성동구 난계로 35,37.5555192826574,127.024466268491
이디야커피,동대문구,서울특별시 동대문구 천호대로 11-3,37.5750577237004,127.024924656134
이디야,관악구,서울특별시 관악구 신림로 91,37.4703277037053,126.939068177271
이디야신도림메르디앙점,구로구,서울특별시 구로구 신도림로 65,37.5095557856377,126.882015208423
이디야송파파인타운점,송파구,서울특별시 송파구 충민로2길 28,37.4771488377273,127.127399757141
이디야송파,송파구,서울특별시 송파구 송이로 159,37.4929471816897,127.125327457115
이디야커피길동,강동구,서울특별시 강동구 천호대로 1132,37.534067049432,127.136965596996
이디야커피세종대,광진구,서울특별시 광진구 군자로 109,37.5528657479805,127.071978099854
이디야커피구로역점,구로구,서울특별시 구로구 구로중앙로 174,37.502396411406,126.881477315569
이디야커피강남,강남구,서울특별시 강남구 역삼로 415,37.501278034814,127.05238374056
이디야은평,은평구,서울특별시 은평구 은평로 197,37.6016313482978,126.929494058444
이디야커피동서울,광진구,서울특별시 광진구 강변역로4길 34,37.5341279943905,127.092214859957
이디야커피증산동점,은평구,서울특별시 은평구 증산서길 78,37.5833551541152,126.906534251014
이디야커피자양동점,광진구,서울특별시 광진구 자양로 46,37.5321964474838,127.085947416439
이디야응암역점,은평구,서울특별시 은평구 연서로 9,37.6001175149395,126.915665738873
이디야커피강동신명초교점,강동구,서울특별시 강동구 명일로 260,37.5411259299396,127.147385374956
이디야서일,중랑구,서울특별시 중랑구 용마산로 394,37.5866486207843,127.09552904524
이디야방배,서초구,서울특별시 서초구 동광로 1,37.4910599117921,126.983012543103
이디야,서초구,서울특별시 서초구 서초대로56길 22,37.4934749068754,127.017097740224
이디야대림3동점앙크인베스트먼트,영등포구,서울특별시 영등포구 대림로 212,37.4995885111697,126.898132686734
이디야도산,강남구,서울특별시 강남구 언주로148길 14,37.5206184101321,127.036143036844
이디야커피,도봉구,서울특별시 도봉구 덕릉로 235,37.6389323507554,127.038095090275
이디야포이,강남구,서울특별시 강남구 개포로 218,37.4784888003288,127.046600082198
이디야석수,금천구,서울특별시 금천구 삼성산길 11,37.4340991804156,126.90481105153
이디야낙성대역점,관악구,서울특별시 관악구 남부순환로 1915,37.4778946073113,126.962184082669
이디야,성북구,서울특별시 성북구 오패산로 99,37.6107512811117,127.035196187516
이디야커피경희대점,동대문구,서울특별시 동대문구 경희대로 4,37.5918975622782,127.052504128517
이디야커피구로,구로구,서울특별시 구로구 가마산로25길 9,37.4966137686521,126.890294066877
이디아커피,강동구,서울특별시 강동구 올림픽로 660,37.5401659152308,127.124549848757
이디야,종로구,서울특별시 종로구 세종대로23길 15,37.5714956844239,126.975636987123
이디야종로삼일대로점,종로구,서울특별시 종로구 삼일대로 390-1,37.5694393645282,126.987947381042
큐이디아카데미서초역점,서초구,서울특별시 서초구 반포대로27길 13,37.4896830914836,127.00759216367
이디야남부지방,양천구,서울특별시 양천구 은행정로4길 25,37.5214622186626,126.862583406992
이디야커피,노원구,서울특별시 노원구 공릉로46길 6,37.6269102988802,127.079611522066
이디야커피,중랑구,서울특별시 중랑구 상봉중앙로 36,37.6002848435139,127.087776377615
이디야영등포본동점,영등포구,서울특별시 영등포구 영신로19길 15,37.5138901704736,126.906112014832
이디야커피흑석역점,동작구,서울특별시 동작구 현충로 100-1,37.507633571344,126.964724583499
이디야신촌숲,마포구,서울특별시 마포구 광성로 17,37.5502455080963,126.935503212947
이디야퇴계로2길점,중구,서울특별시 중구 퇴계로2길 1,37.5575537454776,126.977389795416
이디야커피,종로구,서울특별시 종로구 홍지문2길 6,37.6012317706309,126.95630560715
이디야커피,종로구,서울특별시 종로구 필운대로1길 35,37.5777951563333,126.967501258429
이디야회현SK리더스점,중구,서울특별시 중구 퇴계로 72,37.5591131321314,126.980582926744
이디야커피,종로구,서울특별시 종로구 삼일대로15길 13,37.568771097397,126.98672255071
이디야커피,종로구,서울특별시 종로구 대학로10길 17,37.5820842951858,127.003162764716
이디야한국,중구,서울특별시 중구 남대문로 29-2,37.5614326698128,126.978944050769
이디야커피,중구,서울특별시 중구 세종대로11길 26,37.5623047513967,126.974563036541
이디야다동점,중구,서울특별시 중구 다동길 46,37.5678539481862,126.981708988327
이디아신촌기차역점,서대문구,서울특별시 서대문구 신촌역로 35,37.5589669444944,126.941445808858
이디야커피,종로구,서울특별시 종로구 종로 126,37.5700916205162,126.991515717492
이디야커피,종로구,서울특별시 종로구 삼봉로 81,37.5723869222964,126.981794436761
이디야,송파구,서울특별시 송파구 위례성대로18길 32,37.5095581303508,127.1247038444
이디야연남동점,서대문구,서울특별시 서대문구 연희로 42,37.5623583031989,126.927849087242
이디아망원역점,마포구,서울특별시 마포구 월드컵로 82-1,37.556367092552,126.910210961841
이디야홈플러스,마포구,서울특별시 마포구 양화로 45,37.5514907709978,126.913937441506
이디야화곡중앙,강서구,서울특별시 강서구 가로공원로76길 61,37.5344165569881,126.838252633841
이디야커피합정LIG점,마포구,서울특별시 마포구 양화로1길 21,37.5495843341748,126.910434214397
이디야커피,용산구,서울특별시 용산구 이촌로77길 19,37.520426902219,126.974876251724
이디야,마포구,서울특별시 마포구 도화길 10,37.5398009352104,126.947397218998
이디야커피,마포구,서울특별시 마포구 서강로 135,37.5545065764682,126.935408650105
이디야커피,마포구,서울특별시 마포구 성암로13길 58,37.5757048561595,126.897759224736
이디야화곡로점,강서구,서울특별시 강서구 화곡로 133,37.5408234671284,126.83647852294
이디야,동작구,서울특별시 동작구 보라매로5가길 16,37.4912677642747,126.924082747375
이디야커피해군회관점,동작구,서울특별시 동작구 여의대방로 194,37.5042531290316,126.922245141657
이디야라이프점,영등포구,서울특별시 영등포구 63로 40,37.5196245441475,126.939117190273
이디야커피,강서구,서울특별시 강서구 방화동로 37,37.5641733332656,126.810670159065
이디야커피천호초교,강동구,서울특별시 강동구 구천면로 304,37.5467200055685,127.13479405029
이디야커피노량진CTS점,동작구,서울특별시 동작구 노량진로 110,37.5131722126747,126.938020825683
이디야커피영등포,영등포구,서울특별시 영등포구 당산로 42,37.5182279780668,126.895867705872
이디야,영등포구,서울특별시 영등포구 양평로 126,37.5381946375989,126.893898696383
이디아에스프레소,영등포구,서울특별시 영등포구 국제금융로8길 27-9,37.5196675983748,126.928912744035
이디야커피삼성,강남구,서울특별시 강남구 테헤란로107길 11,37.5104254799265,127.065038423419
이디야,서대문구,서울특별시 서대문구 통일로 141,37.5669176328747,126.965217701593
케이엘이디아이한국평생교육개발원,강남구,서울특별시 강남구 테헤란로19길 28,37.5018160833112,127.033161485427
이디야중곡대원점,광진구,서울특별시 광진구 용마산로 111,37.5635853445031,127.08662805154
이디야응암,은평구,서울특별시 은평구 응암로 211,37.5908952199753,126.917113052516
이디아,서대문구,서울특별시 서대문구 신촌로 87-20,37.556498197347,126.936444210397
이디야,은평구,서울특별시 은평구 진관2로 29-21,37.6357326648602,126.919317816251
이디야응암,은평구,서울특별시 은평구 응암로 183,37.5884214179037,126.916571429865
이디야커피,은평구,서울특별시 은평구 진흥로 156,37.6087264624303,126.926957295701
이디야커피성동,성동구,서울특별시 성동구 고산자로 269,37.563685418773,127.035758226071
이디야커피신도림테크노마트점,구로구,서울특별시 구로구 새말로 97,37.5070380397769,126.89020763235
이디야커피여의도역점,영등포구,서울특별시 영등포구 의사당대로 110,37.5202033823205,126.924414010082
이디야에스프레소,양천구,서울특별시 양천구 목동동로 379,37.5356004295454,126.878695955912
대신이디아이,강남구,서울특별시 강남구 영동대로142길 4,37.5238671531895,127.055718319407
이디아이환경디자인,강서구,서울특별시 강서구 공항대로 212,37.5588418578936,126.830776924632
이디야커피보라매공원점,동작구,서울특별시 동작구 여의대방로 90,37.4968042719762,126.916641163561
이디야커피사가정,중랑구,서울특별시 중랑구 동일로92길 57,37.5834717787228,127.083180945243
에이디아이디어,동작구,서울특별시 동작구 사당로 196,37.4849270775783,126.969877501166
이디야,서초구,서울특별시 서초구 남부순환로347길 38,37.4860157803228,127.031476800525
이디야커피내방역점,서초구,서울특별시 서초구 서초대로 108,37.4875603703703,126.994186728526
이디야커피구로거리공원점,구로구,서울특별시 구로구 구로중앙로28길 73,37.5007854266247,126.889316253899
이디야,중랑구,서울특별시 중랑구 망우로 277,37.5960430640207,127.083400421683
이디야커피신림패션,관악구,서울특별시 관악구 봉천로6길 24,37.4886127392795,126.925409914685
이디야목3동점,양천구,서울특별시 양천구 목동중앙북로 38,37.5479118277253,126.866764852342
이디야송정역점,강서구,서울특별시 강서구 공항대로 24,37.5611565100407,126.809937135907
이디야신림,관악구,서울특별시 관악구 난곡로 250,37.4765335575153,126.915972855229
이디야커피한티역점,강남구,서울특별시 강남구 도곡로69길 8,37.497937846878,127.05610146906
이디아스포츠,금천구,서울특별시 금천구 가산디지털1로 233,37.4857687116702,126.878265245972
이디야영등포그랜드점,영등포구,서울특별시 영등포구 양산로9길 15,37.5267825884741,126.888580185759
이디야커피,금천구,서울특별시 금천구 가산디지털2로 123,37.4787176322481,126.878698539315
이디야커피,금천구,서울특별시 금천구 금하로 750,37.4490661391638,126.913645616749
이디야커피목동신목점,양천구,서울특별시 양천구 목동중앙로 85,37.5370002594457,126.871467327737
이디야,광진구,서울특별시 광진구 능동로 330,37.5589351270559,127.080719955745
이디야혜화역점,종로구,서울특별시 종로구 창경궁로 258-15,37.5835946403407,127.000629099246
이디야커피이태원점,용산구,서울특별시 용산구 이태원로 176,37.5342552439015,126.993412835115
이디야커피,동작구,서울특별시 동작구 상도로 277,37.5028032354817,126.948324023336
이디야불광,은평구,서울특별시 은평구 불광로 59,37.6123287409882,126.931719290279
이디야서소문점,중구,서울특별시 중구 서소문로11길 8,37.5632559624688,126.973078517387
이디야이문점,동대문구,서울특별시 동대문구 신이문로 19,37.6031370128587,127.064230403759
이디야커피신길역점,영등포구,서울특별시 영등포구 영등포로 353,37.5150634804093,126.918062710555
이디야합정동점,마포구,서울특별시 마포구 양화로6길 90,37.5482220099735,126.919066095502
제이디아이소프트,강남구,서울특별시 강남구 봉은사로24길 17,37.5055626866454,127.032943512814
이디야커피도림점,영등포구,서울특별시 영등포구 도신로15길 40,37.5086022261624,126.896552424764
이디야,중랑구,서울특별시 중랑구 망우로 460,37.6000961146002,127.103123745421
이디야,성북구,서울특별시 성북구 보문로 111,37.5849318318433,127.019327149162
이디야커피답십리,동대문구,서울특별시 동대문구 한천로 55,37.5669052566479,127.061865236848
이디야커피선덕고,도봉구,서울특별시 도봉구 해등로 255,37.6573672133391,127.028167233583
이디야커피배봉초교,동대문구,서울특별시 동대문구 답십리로63길 131,37.5784976323949,127.069316517491
이디야시립대점,동대문구,서울특별시 동대문구 서울시립대로 164,37.5832931508333,127.054821020031
이디야,중랑구,서울특별시 중랑구 망우로 198,37.5933182750055,127.074850456142
이디야장안동,동대문구,서울특별시 동대문구 답십리로 309,37.5723768984606,127.074713350358
이디야,동대문구,서울특별시 동대문구 고산자로 413-1,37.5766510073258,127.037911897522
이디야커피,동대문구,서울특별시 동대문구 왕산로 225,37.5820329004573,127.047126673875
이디야사가정점,중랑구,서울특별시 중랑구 면목로 325,37.5811315623264,127.088157308801
이디야커피,중랑구,서울특별시 중랑구 신내로 211,37.6164236455441,127.092597215517
이디야중곡,광진구,서울특별시 광진구 용마산로 37,37.5570160011406,127.087704248127
이디야커피회기,동대문구,서울특별시 동대문구 회기로 193,37.5901799588599,127.057428863789
이디야월계인덕점,노원구,서울특별시 노원구 광운로22길 39,37.6298456754298,127.058797456073
이디야,중구,서울특별시 중구 마른내로 165-1,37.5646141619438,127.006497099413
이디야커피명동역점,중구,서울특별시 중구 퇴계로 103,37.5608656705715,126.983196312439
이디야커피,마포구,서울특별시 마포구 월드컵북로 396,37.5794868062638,126.889812409598
이디야망원,마포구,서울특별시 마포구 월드컵로 147,37.560783284032,126.905460718039
이디야종로,종로구,서울특별시 종로구 종로 51,37.5707355059583,126.983594194964
이디야커피아이온스퀘어,송파구,서울특별시 송파구 위례광장로 188,37.4810790430981,127.142380805691
이디야커피공릉역점,노원구,서울특별시 노원구 동일로192길 5,37.6260685211022,127.073368462167
이디야을지로,중구,서울특별시 중구 수표로 45,37.5653265459148,126.989576424612
이디야안암래미안점,성북구,서울특별시 성북구 보문로30가길 42,37.5889998001448,127.02201394889
이디야합정역,마포구,서울특별시 마포구 독막로2길 5,37.5482466724825,126.914878538035
이디야커피신림대,관악구,서울특별시 관악구 호암로26길 17,37.4707379982163,126.934596871725
이디야커피,성동구,서울특별시 성동구 매봉길 12,37.5452914895352,127.015670919537
이디야커피점신금호역점,성동구,서울특별시 성동구 금호산길 64,37.5538841095515,127.019598333334
이디야성수,성동구,서울특별시 성동구 성수이로 118,37.5451669211595,127.057837479946
이디야마장역점,성동구,서울특별시 성동구 마장로 293-1,37.5659360733529,127.042158719035
이디야장안중랑천점,동대문구,서울특별시 동대문구 장한로18길 32,37.5675252018516,127.070754833919
이디야커피강서한강자이,강서구,서울특별시 강서구 양천로 401,37.5656931816477,126.847626185028
이디야커피,은평구,서울특별시 은평구 연서로 148,37.6119838307329,126.917600175273
이디야커피,강서구,서울특별시 강서구 방화동로 95,37.5690049037726,126.812664855586
이디야전문대점,서대문구,서울특별시 서대문구 가좌로 140,37.584562187544,126.924145347606
이디야대림역점,영등포구,서울특별시 영등포구 도림로31길 2,37.4925215522174,126.895907002436
이디야,강남구,서울특별시 강남구 테헤란로4길 46,37.4955012410702,127.030053791898
이디야마포오벨리스크점,마포구,서울특별시 마포구 마포대로 33,37.5399725653744,126.94542590266
이디야,마포구,서울특별시 마포구 월드컵로 240,37.5682756452677,126.897257447574
에이디아이종합건축사사무소,광진구,서울특별시 광진구 능동로 340,37.5598035759447,127.08116203211
이디야,종로구,서울특별시 종로구 통일로 266,37.5758355847753,126.956762065715
이디야,강남구,서울특별시 강남구 테헤란로25길 17,37.5017878629869,127.035220242035
이디야노원사거리,노원구,서울특별시 노원구 동일로 1393,37.6529350519155,127.060534668145
이디야,도봉구,서울특별시 도봉구 마들로11길 65,37.6534064990232,127.04964921151
이디야,송파구,서울특별시 송파구 송파대로 567,37.5131306848918,127.093034822493
이디야커피중계롯데우성점,노원구,서울특별시 노원구 노원로22길 34,37.646364068414,127.072753764215
이디야,노원구,서울특별시 노원구 광운로 29,37.6203185920224,127.058407824624
이디야,노원구,서울특별시 노원구 동일로204가길 34,37.6407414112419,127.068155314917
이디야양재언남점,서초구,서울특별시 서초구 동산로 60,37.4716851007454,127.045397700723
이디야,서초구,서울특별시 서초구 서초대로48길 16,37.4920479458851,127.011303941394
이디야서울,서초구,서울특별시 서초구 서초중앙로 89,37.4897552621614,127.014059393145
이디야올림픽공원점,송파구,서울특별시 송파구 올림픽로 354,37.5161590128461,127.109717421099
이디야거여역점,송파구,서울특별시 송파구 오금로 497,37.4934727449964,127.144184204223
이디야커피촬영소,동대문구,서울특별시 동대문구 답십리로 264,37.5722551529716,127.069541373073
이디야동덕여대점,성북구,서울특별시 성북구 화랑로 99,37.6034777169366,127.042674188608
이디야커피,송파구,서울특별시 송파구 백제고분로41길 5,37.5067148548948,127.108381825602
이디야커피,강남구,서울특별시 강남구 봉은사로37길 29,37.5099372502084,127.035692224854
이디야,성북구,서울특별시 성북구 종암로 105,37.5995230359981,127.033936945796
이디야커피동소문동점,성북구,서울특별시 성북구 동소문로13길 5,37.5920317986857,127.012813575772
이디아커피석계,성북구,서울특별시 성북구 화랑로40길 61,37.6137657868884,127.064924087134
이디야,강동구,서울특별시 강동구 동남로75길 19,37.5541209722395,127.155159843579
이디야커피,강동구,서울특별시 강동구 천호대로 1065,37.5369555209829,127.130290261572
이디야커피,용산구,서울특별시 용산구 효창원로66길 2,37.5405534709997,126.962176171854
이디야월곡동아점,성북구,서울특별시 성북구 장월로1길 47,37.6062411759169,127.045674049001
이디야커피길동역점,강동구,서울특별시 강동구 양재대로 1471,37.5373545388776,127.139247347881
이디야,송파구,서울특별시 송파구 충민로 10,37.4782606521025,127.119370608348
이디야수락산역점,노원구,서울특별시 노원구 동일로 1689,37.6791103372688,127.054933099919
이디야답십리,동대문구,서울특별시 동대문구 답십리로 145,37.573058451956,127.056093771112
이디야남구로역점,구로구,서울특별시 구로구 디지털로27길 127,37.4846988279247,126.887089497514
이디아키텍츠,도봉구,서울특별시 도봉구 우이천로 490,37.6566866923053,127.015641473226
이디야카페정릉아리랑점,성북구,서울특별시 성북구 북악산로 851,37.6001262088188,127.018584155289
커피아이디아,중랑구,서울특별시 중랑구 용마산로 482,37.5940414299927,127.099618077695
이디아이환경디자인,송파구,서울특별시 송파구 송파대로28길 12,37.4937233961882,127.119437877446
커피이디야,영등포구,서울특별시 영등포구 선유서로25길 19,37.5244951475079,126.883930482702
이디야커피,금천구,서울특별시 금천구 시흥대로 198,37.4515998765466,126.902137270916
이디야,서초구,서울특별시 서초구 방배로 87,37.4821680435839,126.996893515881
이디야커피강남도산점,강남구,서울특별시 강남구 도산대로37길 20,37.5222741765022,127.031472117194
이디야,강동구,서울특별시 강동구 상암로 210,37.5462953721236,127.145776117912
이디야종로4가점,종로구,서울특별시 종로구 김상옥로 1,37.5734976706286,126.997877277666
이디야서울고속버스,서초구,서울특별시 서초구 신반포로 194,37.5064271601893,127.00681633008
이디야석촌역점,송파구,서울특별시 송파구 송파대로 456,37.5071820622044,127.10582004492
이디야커피,광진구,서울특별시 광진구 구의로 4,37.5383402497529,127.089267049741
이디야커피신길썬,영등포구,서울특별시 영등포구 신길로 42,37.4964599899971,126.908605485281
케이디아이,강서구,서울특별시 강서구 강서로56나길 37,37.5610761844238,126.840804259709
이디야커피,중구,서울특별시 중구 창경궁로 2,37.5625385096905,126.998646638619
이디야,은평구,서울특별시 은평구 수색로 250,37.5818996403351,126.896331919629
이디야,성북구,서울특별시 성북구 보문로34길 100,37.5911970667236,127.020773597067
이디야커피강남율현점,강남구,서울특별시 강남구 밤고개로21길 8,37.4735606833612,127.10783745319
이디야용산원효점,용산구,서울특별시 용산구 원효로 70,37.5324950789767,126.951629667857
이디야수유역점,강북구,서울특별시 강북구 도봉로 355,37.6393343906266,127.026691250159
이디야건설회관점,강남구,서울특별시 강남구 언주로 711,37.5170729253059,127.033405850561
큐이디아카데미광화문,종로구,서울특별시 종로구 사직로8길 20,37.5739205214673,126.970577382549
파우원이디야파인,강서구,서울특별시 강서구 마곡중앙4로 22,37.5582682775687,126.829269250567
이디야점,강서구,서울특별시 강서구 마곡중앙5로 6,37.5671470537048,126.826911667088
이디야공진초점,강서구,서울특별시 강서구 마곡중앙1로 26,37.5586198010646,126.823842314146
이디야,강서구,서울특별시 강서구 공항대로 280,37.558016255906,126.838418262787
이디야커피,종로구,서울특별시 종로구 대학로10길 17,37.5820842951858,127.003162764716
이디야하나로마트,마포구,서울특별시 마포구 신촌로 66,37.5560535501647,126.933100414508
이디야면목경남아너스빌점,중랑구,서울특별시 중랑구 면목로27길 92,37.5742602308787,127.080497639822
이디야서초역점,서초구,서울특별시 서초구 반포대로21길 23,37.4876994803453,127.008511714227
이디야커피먹골역점,중랑구,서울특별시 중랑구 동일로157길 13,37.6097331366389,127.076878426581
이디야커피방학역점,도봉구,서울특별시 도봉구 도봉로153길 15,37.6697836234548,127.042514528718
이디야커피강서초교점,양천구,서울특별시 양천구 오목로 48,37.5220552604826,126.842935491813
이디야커피,강서구,서울특별시 강서구 양천로 684,37.5506284588778,126.871940890835
이디야역촌역점,은평구,서울특별시 은평구 진흥로 95,37.6054294795399,126.922100749695
이디야,강북구,서울특별시 강북구 도봉로 207,37.6270521153716,127.02545799316
케이디아이텍스타일,구로구,서울특별시 구로구 개봉로12길 32,37.4881083570756,126.858193140502
파이디아랩,성동구,서울특별시 성동구 아차산로 113,37.5446276769365,127.056882377539
이디야,은평구,서울특별시 은평구 통일로 855-9,37.6188884740356,126.919867521026
이디야커피,관악구,서울특별시 관악구 신림로 312,37.4821771013666,126.930137878893
이디야커피당고개역점,노원구,서울특별시 노원구 상계로 313,37.6708235517421,127.080350349498
이디야커피,광진구,서울특별시 광진구 광나루로 508,37.5447932053786,127.085952065314
이디야커피구의자양로점,광진구,서울특별시 광진구 자양로 251,37.5489909130641,127.08929591506
이디야커피가양역점,강서구,서울특별시 강서구 양천로 500,37.5605259212572,126.85551558092
이디야면목역점,중랑구,서울특별시 중랑구 면목로 429,37.590185690676,127.086812622247
이디야커피,강남구,서울특별시 강남구 논현로 142,37.4824064245405,127.043011233562
이디야구로,구로구,서울특별시 구로구 구로중앙로 228,37.5061614582995,126.876591615315
이디야,강서구,서울특별시 강서구 강서로54길 11,37.5594038619047,126.839336144989
이디야논현,강남구,서울특별시 강남구 논현로131길 28,37.5140738828997,127.028094096716
이디야강서교차로점,강서구,서울특별시 강서구 공항대로 437,37.5549433041109,126.855906545881
이디야면목늘찬,중랑구,서울특별시 중랑구 동일로 643,37.5879854780122,127.079638123426
이디야중랑묵동점,중랑구,서울특별시 중랑구 동일로 932,37.6138290492447,127.077541387095
이디야고척스카이돔점,구로구,서울특별시 구로구 경인로 397,37.4976870234984,126.863860165455
이디야커피,서초구,서울특별시 서초구 바우뫼로 20,37.4699799971801,127.02527377565
이디야커피망우역점,중랑구,서울특별시 중랑구 망우로55길 11-10,37.5992778741143,127.092737540691
이디야서울삼성내과점,송파구,서울특별시 송파구 백제고분로 126,37.5061605267183,127.080734097509
이디야서울대,관악구,서울특별시 관악구 남부순환로216길 2,37.4813640319471,126.948975100251
이디야경복궁역점,종로구,서울특별시 종로구 자하문로 7,37.5767097916967,126.972191867259
이디야커피고척,구로구,서울특별시 구로구 고척로 228-6,37.5057781510859,126.858229440973
이디야커피구로하버라인점,구로구,서울특별시 구로구 항동로3길 6,37.4808013477786,126.824249164841
이디야돌곶이역점,성북구,서울특별시 성북구 돌곶이로22길 3,37.6101883090363,127.058082505896
이디야커피,종로구,서울특별시 종로구 삼일대로 436-1,37.573593653983,126.988004369724
이디야커피천호현대점,강동구,서울특별시 강동구 올림픽로 665,37.5409177009667,127.123862108655
이디야시흥,금천구,서울특별시 금천구 시흥대로63길 8,37.4550495001567,126.899080333355
이디야홍대청기와점,마포구,서울특별시 마포구 월드컵북로 7,37.5555979534712,126.920645922236
이디야상계역,노원구,서울특별시 노원구 한글비석로 409,37.6611350496346,127.070847298588
이디야커피함지박사거리,서초구,서울특별시 서초구 방배로 234,37.4941555749992,126.989902773432
이디야성산,마포구,서울특별시 마포구 성미산로 78,37.5603007167274,126.916639214378
이디야신대방앙크인베스트먼트,동작구,서울특별시 동작구 상도로 78,37.4995312084377,126.929132589017
이디야신길,영등포구,서울특별시 영등포구 도림로 280,37.5029337869812,126.904202179446
이디야구일역점,구로구,서울특별시 구로구 구일로 110,37.4950618711908,126.871996950456
이디야커피삼전,송파구,서울특별시 송파구 백제고분로27길 5,37.5036659380732,127.092561200184
이디야국립국악원예악당,서초구,서울특별시 서초구 남부순환로 2364,37.4777086304152,127.009808267822
이디야영등포knk점,영등포구,서울특별시 영등포구 영신로 220,37.5267938559411,126.904249212324
이디야커피역삼월드점,강남구,서울특별시 강남구 역삼로52길 14,37.4985484166518,127.047973651184
이디야커피양천,양천구,서울특별시 양천구 목동동로 63,37.5153053135084,126.862292263327
이디야커피연희홍연길점,서대문구,서울특별시 서대문구 홍제천로 146-9,37.5763621514969,126.930025742206
이디야팀이공사점,중구,서울특별시 중구 마장로 30,37.5677067299365,127.013179980503
이디야북한산점,강북구,서울특별시 강북구 419로 85,37.6447538240808,127.005589308423
이디야커피청룡,관악구,서울특별시 관악구 쑥고개로 80,37.4792043674698,126.945251636873
이디야커피신월,양천구,서울특별시 양천구 남부순환로 353,37.5356668135348,126.828909863684
이디야강일점,강동구,서울특별시 강동구 아리수로93길 19,37.5653739617982,127.174094920627
이디야도,도봉구,서울특별시 도봉구 도봉산길 18,37.6875257115101,127.043726405157
이디야커피창동학원가점,도봉구,서울특별시 도봉구 해등로16길 61,37.6551305149952,127.043337376255
이디야아현역점,서대문구,서울특별시 서대문구 신촌로37길 10,37.5576736591636,126.957105881364
이디야길음뉴타운점,성북구,서울특별시 성북구 길음로 74,37.609282908126,127.021012217905
이디야박미,금천구,서울특별시 금천구 시흥대로 150,37.4476132757895,126.903653435475
이디야커피구청점,동대문구,서울특별시 동대문구 천호대로 153-1,37.5736095181775,127.040622714961
이디야커피전농,동대문구,서울특별시 동대문구 사가정로 132,37.5775908744167,127.059500885442
이디야개포동역점,강남구,서울특별시 강남구 개포로82길 11,37.4885486506933,127.067425729925
이디아커피,강남구,서울특별시 강남구 양재대로27길 20,37.4903987780474,127.081605785647
이디야,관악구,서울특별시 관악구 신림로46길 1,37.4784456594348,126.933006333452
이디야커피한성대점,성북구,서울특별시 성북구 삼선교로10길 45,37.5861785318266,127.010003622231
이디야커피둔촌점,강동구,서울특별시 강동구 양재대로 1377,37.5291600035584,127.136241466487
이디야삼성금융연,서초구,서울특별시 서초구 사임당로23길 27,37.4919064172088,127.020273323241
이디야,중랑구,서울특별시 중랑구 신내로25가길 2,37.619467194513,127.084177726428
이디야커피가락,송파구,서울특별시 송파구 송이로 87,37.4983377784207,127.120774752306
이디야용산,용산구,서울특별시 용산구 한강대로 52-1,37.5254194910351,126.96463722618
이디야등촌3동성당점,강서구,서울특별시 강서구 강서로56길 110,37.5588633235369,126.844856538084
이디야커피중계,노원구,서울특별시 노원구 중계로14바길 2,37.6498736692366,127.082557909378
이디야천호1동점,강동구,서울특별시 강동구 구천면로34길 43,37.5425391812545,127.133574965214
